match_id,team_id,team_name,player_id,player_name,playing_time,goals,assists,own_goals,total_shots,shots_on_target,rfoot_shots,lfoot_shots,header_shots,fouls,offsides,yellow_cards,red_cards,total_passes,acc_passes,pass_accuracy
2057954,14358,Russia,4513,D. Cheryshev,4362.5,2,0,0,3,3,0,2,1,4,0,0,0,22,12,0.55
2057954,14358,Russia,41123,Mário Fernandes,5802.5,0,0,0,0,0,0,0,0,0,1,0,0,27,22,0.81
2057954,14358,Russia,101576,I. Akinfeev,5802.5,0,0,0,0,0,0,0,0,0,0,0,0,18,16,0.89
2057954,14358,Russia,101583,S. Ignashevich,5802.5,0,0,0,0,0,0,0,0,0,0,0,0,30,27,0.9
2057954,14358,Russia,101590,A. Dzagoev,1440.0,0,0,0,0,0,0,0,0,0,0,0,0,8,7,0.88
2057954,14358,Russia,101669,A. Dzyuba,1543.4,1,0,0,1,1,0,0,1,1,0,0,0,7,6,0.86
2057954,14358,Russia,101699,A. Samedov,3899.2,0,0,0,2,0,2,0,0,1,0,0,0,17,15,0.88
2057954,14358,Russia,101707,F. Smolov,4259.2,0,0,0,0,0,0,0,0,2,2,0,0,19,15,0.79
2057954,14358,Russia,101857,Y. Zhirkov,5802.5,0,0,0,1,0,0,1,0,2,0,0,0,32,24,0.75
2057954,14358,Russia,102157,Y. Gazinskiy,5802.5,1,0,0,1,1,0,0,1,2,0,0,0,30,25,0.83
2057954,14358,Russia,103668,I. Kutepov,5802.5,0,0,0,0,0,0,0,0,1,0,0,0,33,26,0.79
2057954,14358,Russia,103682,R. Zobnin,5802.5,0,0,0,2,1,1,0,1,1,0,0,0,28,18,0.64
2057954,14358,Russia,220971,D. Kuzyaev,1903.4,0,0,0,1,0,1,0,0,1,0,0,0,11,10,0.91
2057954,14358,Russia,257800,A. Golovin,5802.5,1,2,0,1,1,1,0,0,7,0,1,0,39,29,0.74
2057954,16521,Saudi Arabia,122561,Abdullah Al Mayouf,5802.5,0,0,0,0,0,0,0,0,0,0,0,0,30,27,0.9
2057954,16521,Saudi Arabia,122577,Taisir Al Jassim,5802.5,0,0,0,0,0,0,0,0,3,0,1,0,36,33,0.92
2057954,16521,Saudi Arabia,122615,Hattan Bahbir,1303.4,0,0,0,1,0,0,1,0,1,0,0,0,4,3,0.75
2057954,16521,Saudi Arabia,122623,Fahad Al Muwallad,1903.4,0,0,0,0,0,0,0,0,1,0,0,0,2,1,0.5
2057954,16521,Saudi Arabia,122651,Omar Hawsawi,5802.5,0,0,0,0,0,0,0,0,1,0,0,0,56,47,0.84
2057954,16521,Saudi Arabia,122671,Mohammad Al Sahlawi,5159.2,0,0,0,2,0,0,2,0,2,0,0,0,5,5,1.0
2057954,16521,Saudi Arabia,122749,Muhannad Asiri,643.4,0,0,0,0,0,0,0,0,0,0,0,0,1,1,1.0
2057954,16521,Saudi Arabia,122832,Salem Al Dawsari,5802.5,0,0,0,2,0,2,0,0,0,0,0,0,45,39,0.87
2057954,16521,Saudi Arabia,122839,Osama Hawsawi,5802.5,0,0,0,0,0,0,0,0,0,0,0,0,58,55,0.95
2057954,16521,Saudi Arabia,122847,Salman Al Faraj,5802.5,0,0,0,0,0,0,0,0,0,1,0,0,80,75,0.94
2057954,16521,Saudi Arabia,122888,Yahya Al Shehri,4499.2,0,0,0,0,0,0,0,0,0,0,0,0,35,30,0.86
2057954,16521,Saudi Arabia,122940,Yasir Al Shahrani,5802.5,0,0,0,2,0,1,0,1,1,0,0,0,58,45,0.78
2057954,16521,Saudi Arabia,139393,Abdullah Otayf,3899.2,0,0,0,0,0,0,0,0,1,0,0,0,55,50,0.91
2057954,16521,Saudi Arabia,292954,Mohammed Al Burayk,5802.5,0,0,0,0,0,0,0,0,0,0,0,0,68,59,0.87
2057955,15670,Uruguay,3433,D. Godín,5837.5,0,0,0,0,0,0,0,0,1,0,0,0,65,56,0.86
2057955,15670,Uruguay,7972,L. Suárez,5837.5,0,0,0,4,1,4,0,0,0,1,0,0,28,23,0.82
2057955,15670,Uruguay,20460,M. Cáceres,5837.5,0,0,0,1,0,1,0,0,2,0,0,0,39,31,0.79
2057955,15670,Uruguay,21174,E. Cavani,5837.5,0,0,0,5,2,3,2,0,0,0,0,0,29,27,0.93
2057955,15670,Uruguay,32641,F. Muslera,5837.5,0,0,0,0,0,0,0,0,0,0,0,0,19,19,1.0
2057955,15670,Uruguay,70095,C. Rodríguez,2283.9,0,0,0,0,0,0,0,0,0,0,0,0,25,18,0.72
2057955,15670,Uruguay,86340,C. Sánchez,2283.9,0,1,0,1,0,1,0,0,0,0,0,0,27,19,0.7
2057955,15670,Uruguay,116166,G. Varela,5837.5,0,0,0,0,0,0,0,0,0,0,0,0,59,56,0.95
2057955,15670,Uruguay,116349,M. Vecino,5233.7,0,0,0,1,0,1,0,0,0,0,0,0,81,67,0.83
2057955,15670,Uruguay,213364,G. De Arrascaeta,3553.7,0,0,0,0,0,0,0,0,1,0,0,0,25,23,0.92
2057955,15670,Uruguay,227894,J. Giménez,5837.5,1,0,0,1,1,0,0,1,1,0,0,0,66,56,0.85
2057955,15670,Uruguay,299618,N. Nández,3553.7,0,0,0,0,0,0,0,0,0,0,0,0,33,26,0.79
2057955,15670,Uruguay,333571,L. Torreira,603.9,0,0,0,0,0,0,0,0,0,0,0,0,4,3,0.75
2057955,15670,Uruguay,361807,R. Bentancur,5837.5,0,0,0,0,0,0,0,0,1,0,0,0,87,81,0.93
2057955,16129,Egypt,11270,S. Morsy,2823.9,0,0,0,0,0,0,0,0,2,0,1,0,24,24,1.0
2057955,16129,Egypt,119932,Mahmoud Kahraba,2083.9,0,0,0,0,0,0,0,0,1,0,0,0,13,9,0.69
2057955,16129,Egypt,119951,Ahmed Hegazy,5837.5,0,0,0,0,0,0,0,0,1,0,1,0,47,35,0.74
2057955,16129,Egypt,119975,Mohamed Abdel-Shafi,5837.5,0,0,0,0,0,0,0,0,1,0,0,0,52,43,0.83
2057955,16129,Egypt,120000,Mohamed El Shenawy,5837.5,0,0,0,0,0,0,0,0,0,0,0,0,15,13,0.87
2057955,16129,Egypt,120156,Ahmed Fathy,5837.5,0,0,0,1,1,1,0,0,1,0,0,0,43,37,0.86
2057955,16129,Egypt,120167,Abdallah Said,5837.5,0,0,0,0,0,0,0,0,0,0,0,0,56,43,0.77
2057955,16129,Egypt,120225,Marwan Mohsen,3753.7,0,0,0,1,1,1,0,0,1,1,0,0,11,7,0.64
2057955,16129,Egypt,120339,Mohamed Elneny,5837.5,0,0,0,2,0,2,0,0,2,0,0,0,48,44,0.92
2057955,16129,Egypt,198120,Ali Gabr,5837.5,0,0,0,0,0,0,0,0,0,0,0,0,21,19,0.9
2057955,16129,Egypt,220112,Trézéguet,5837.5,0,0,0,2,1,2,0,0,1,0,0,0,37,32,0.86
2057955,16129,Egypt,332605,Ramadan Sobhi,903.9,0,0,0,0,0,0,0,0,0,0,0,0,4,3,0.75
2057955,16129,Egypt,388928,Amr Warda,4933.7,0,0,0,0,0,0,0,0,1,0,0,0,26,17,0.65
2057955,16129,Egypt,437417,Tarek Hamed,3013.7,0,0,0,1,0,1,0,0,1,0,0,0,31,26,0.84
2057961,10840,Iran,3509,M. Shojaei,4072.7,0,0,0,0,0,0,0,0,3,0,1,0,16,11,0.69
2057961,10840,Iran,53562,S. Ghoddos,840.2,0,0,0,0,0,0,0,0,2,0,0,0,1,1,1.0
2057961,10840,Iran,78991,O. Ebrahimi,4742.7,0,0,0,0,0,0,0,0,0,0,0,0,23,22,0.96
2057961,10840,Iran,79006,S. Azmoun,5882.9,0,0,0,2,1,2,0,0,0,0,0,0,21,14,0.67
2057961,10840,Iran,79098,R. Rezaeian,5882.9,0,0,0,0,0,0,0,0,2,0,0,0,21,12,0.57
2057961,10840,Iran,79149,K. Ansarifard,5882.9,0,0,0,0,0,0,0,0,2,0,1,0,16,10,0.62
2057961,10840,Iran,79248,E. Hajsafi,5882.9,0,0,0,2,0,1,1,0,0,0,0,0,22,9,0.41
2057961,10840,Iran,79320,M. Taremi,1810.2,0,0,0,0,0,0,0,0,1,0,0,0,2,2,1.0
2057961,10840,Iran,79381,A. Jahanbakhsh,5042.7,0,0,0,2,1,2,0,0,2,0,1,0,21,14,0.67
2057961,10840,Iran,79449,M. Pouraliganji,5882.9,0,0,0,0,0,0,0,0,0,0,0,0,23,16,0.7
2057961,10840,Iran,237836,V. Amiri,5882.9,0,0,0,0,0,0,0,0,2,0,0,0,20,13,0.65
2057961,10840,Iran,238031,A. Beiranvand,5882.9,0,0,0,0,0,0,0,0,0,0,0,0,11,9,0.82
2057961,10840,Iran,272829,R. Cheshmi,5882.9,0,0,0,1,0,1,0,0,0,0,0,0,12,11,0.92
2057961,10840,Iran,285538,M. Hosseini,1140.2,0,0,0,0,0,0,0,0,0,0,0,0,2,2,1.0
2057961,16216,Morocco,142,K. El Ahmadi,5882.9,0,0,0,0,0,0,0,0,3,0,1,0,40,37,0.92
2057961,16216,Morocco,6509,Munir,5882.9,0,0,0,0,0,0,0,0,0,0,0,0,12,11,0.92
2057961,16216,Morocco,15727,A. Bouhaddouz,1380.2,0,0,1,0,0,0,0,0,1,0,0,0,1,1,1.0
2057961,16216,Morocco,20579,M. Benatia,5882.9,0,0,0,1,1,0,1,0,1,0,0,0,85,76,0.89
2057961,16216,Morocco,25998,Y. Belhanda,5882.9,0,0,0,3,0,1,1,1,1,0,0,0,47,40,0.85
2057961,16216,Morocco,26226,R. Saïss,5882.9,0,0,0,1,0,0,0,1,2,0,0,0,69,63,0.91
2057961,16216,Morocco,32968,N. Amrabat,4442.7,0,0,0,0,0,0,0,0,3,0,0,0,31,24,0.77
2057961,16216,Morocco,101620,M. da Costa,880.2,0,0,0,1,0,1,0,0,0,0,0,0,6,5,0.83
2057961,16216,Morocco,101846,M. Boussoufa,5882.9,0,0,0,0,0,0,0,0,0,0,0,0,44,37,0.84
2057961,16216,Morocco,221039,H. Ziyech,5882.9,0,0,0,2,1,0,2,0,5,0,0,0,47,39,0.83
2057961,16216,Morocco,285590,S. Amrabat,1440.2,0,0,0,0,0,0,0,0,2,0,0,0,5,5,1.0
2057961,16216,Morocco,372915,A. Harit,5002.7,0,0,0,3,1,3,0,0,1,0,0,0,25,19,0.76
2057961,16216,Morocco,396475,A. Hakimi,5882.9,0,0,0,1,0,1,0,0,1,0,0,0,29,27,0.93
2057961,16216,Morocco,552555,A. El Kaabi,4502.7,0,0,0,1,0,0,1,0,2,0,0,0,3,2,0.67
2057960,1598,Spain,3269,Jordi Alba,5753.8,0,0,0,0,0,0,0,0,1,1,0,0,76,68,0.89
2057960,1598,Spain,3304,Nacho,5753.8,1,0,0,1,1,1,0,0,3,0,0,0,49,46,0.94
2057960,1598,Spain,3306,Sergio Ramos,5753.8,0,0,0,0,0,0,0,0,0,0,0,0,114,113,0.99
2057960,1598,Spain,3341,Piqué,5753.8,0,0,0,0,0,0,0,0,2,0,0,0,73,70,0.96
2057960,1598,Spain,3345,Thiago Alcântara,1554.8,0,0,0,0,0,0,0,0,0,0,0,0,27,24,0.89
2057960,1598,Spain,3346,Sergio Busquets,5753.8,0,1,0,1,0,0,0,1,2,0,1,0,68,64,0.94
2057960,1598,Spain,3353,Iniesta,4199.0,0,0,0,1,0,0,1,0,0,0,0,0,66,61,0.92
2057960,1598,Spain,3443,Koke,5753.8,0,0,0,0,0,0,0,0,0,0,0,0,84,78,0.93
2057960,1598,Spain,3563,Isco,5753.8,0,0,0,2,1,1,1,0,0,1,0,0,97,90,0.93
2057960,1598,Spain,3840,Iago Aspas,1134.8,0,0,0,1,1,0,1,0,0,0,0,0,5,4,0.8
2057960,1598,Spain,4338,Diego Costa,4619.0,2,0,0,3,2,2,1,0,0,0,0,0,17,17,1.0
2057960,1598,Spain,4498,Lucas Vázquez,594.8,0,0,0,0,0,0,0,0,0,0,0,0,4,4,1.0
2057960,1598,Spain,7910,David de Gea,5753.8,0,0,0,0,0,0,0,0,0,0,0,0,14,14,1.0
2057960,1598,Spain,8317,David Silva,5159.0,0,0,0,3,0,1,2,0,2,1,0,0,52,47,0.9
2057960,9905,Portugal,3305,Pepe,5753.8,0,0,0,0,0,0,0,0,3,0,0,0,29,23,0.79
2057960,9905,Portugal,3322,Cristiano Ronaldo,5753.8,3,0,0,4,3,3,1,0,1,0,0,0,29,29,1.0
2057960,9905,Portugal,8126,José Fonte,5753.8,0,0,0,0,0,0,0,0,0,0,0,0,33,28,0.85
2057960,9905,Portugal,28907,Raphaël Guerreiro,5753.8,0,0,0,0,0,0,0,0,0,0,0,0,50,40,0.8
2057960,9905,Portugal,32597,Ricardo Quaresma,1614.8,0,0,0,2,0,2,0,0,1,0,0,0,6,4,0.67
2057960,9905,Portugal,37762,William Carvalho,5753.8,0,0,0,0,0,0,0,0,1,0,0,0,50,47,0.94
2057960,9905,Portugal,70093,João Moutinho,5753.8,0,0,0,0,0,0,0,0,1,0,0,0,36,36,1.0
2057960,9905,Portugal,70134,Rui Patrício,5753.8,0,0,0,0,0,0,0,0,0,0,0,0,21,18,0.86
2057960,9905,Portugal,70389,Cédric Soares,5753.8,0,0,0,0,0,0,0,0,1,0,0,0,36,28,0.78
2057960,9905,Portugal,70403,Adrien Silva,954.8,0,0,0,0,0,0,0,0,0,0,0,0,3,1,0.33
2057960,9905,Portugal,70965,João Mário,1674.8,0,0,0,0,0,0,0,0,1,0,0,0,9,7,0.78
2057960,9905,Portugal,237034,Gonçalo Guedes,4799.0,0,0,0,1,0,1,0,0,1,1,0,0,17,16,0.94
2057960,9905,Portugal,243588,Bruno Fernandes,4079.0,0,0,0,1,0,1,0,0,1,0,1,0,19,14,0.74
2057960,9905,Portugal,265673,Bernardo Silva,4139.0,0,0,0,0,0,0,0,0,1,0,0,0,19,16,0.84
2057966,4418,France,3309,R. Varane,5792.2,0,0,0,0,0,0,0,0,0,0,0,0,69,61,0.88
2057966,4418,France,3682,A. Griezmann,4204.2,1,0,0,4,2,2,2,0,1,0,0,0,19,12,0.63
2057966,4418,France,7936,P. Pogba,5792.2,0,0,0,2,1,2,0,0,1,0,0,0,59,52,0.88
2057966,4418,France,25381,H. Lloris,5792.2,0,0,0,0,0,0,0,0,0,0,0,0,17,15,0.88
2057966,4418,France,25397,S. Umtiti,5792.2,0,0,0,1,0,0,1,0,2,0,0,0,59,57,0.97
2057966,4418,France,25437,B. Matuidi,1098.0,0,0,0,0,0,0,0,0,0,0,0,0,10,8,0.8
2057966,4418,France,26010,O. Giroud,1588.0,0,1,0,0,0,0,0,0,1,0,0,0,3,3,1.0
2057966,4418,France,28115,N. Fekir,1588.0,0,0,0,1,0,0,1,0,0,0,0,0,11,8,0.73
2057966,4418,France,31528,N. Kanté,5792.2,0,0,0,0,0,0,0,0,2,0,0,0,61,57,0.93
2057966,4418,France,209091,C. Tolisso,4694.2,0,0,0,0,0,0,0,0,2,0,1,0,66,58,0.88
2057966,4418,France,279545,L. Hernández,5792.2,0,0,0,1,0,1,0,0,1,0,0,0,41,32,0.78
2057966,4418,France,286390,O. Dembélé,4204.2,0,0,0,0,0,0,0,0,1,0,0,0,16,10,0.62
2057966,4418,France,340646,B. Pavard,5792.2,0,0,0,1,0,1,0,0,4,0,0,0,66,50,0.76
2057966,4418,France,353833,K. Mbappé,5792.2,0,0,0,1,1,1,0,0,1,0,0,0,20,18,0.9
2057966,8493,Australia,8410,M. Jedinak,5792.2,1,0,0,1,1,1,0,0,1,0,0,0,38,30,0.79
2057966,8493,Australia,15020,M. Leckie,5792.2,0,0,0,0,0,0,0,0,5,0,1,0,20,12,0.6
2057966,8493,Australia,16151,R. Kruse,5044.2,0,0,0,0,0,0,0,0,1,0,0,0,12,10,0.83
2057966,8493,Australia,61367,J. Risdon,5792.2,0,0,0,1,0,0,1,0,3,0,1,0,43,24,0.56
2057966,8493,Australia,61390,M. Ryan,5792.2,0,0,0,0,0,0,0,0,0,0,0,0,40,37,0.92
2057966,8493,Australia,61395,T. Sainsbury,5792.2,0,0,0,0,0,0,0,0,1,0,0,0,59,48,0.81
2057966,8493,Australia,61407,T. Rogić,4324.2,0,0,0,0,0,0,0,0,2,0,0,0,11,11,1.0
2057966,8493,Australia,61425,M. Milligan,5792.2,0,0,0,0,0,0,0,0,1,0,0,0,76,70,0.92
2057966,8493,Australia,61651,A. Behich,5792.2,0,0,1,1,0,1,0,0,3,0,1,0,53,41,0.77
2057966,8493,Australia,62389,A. Mooy,5792.2,0,0,0,0,0,0,0,0,1,0,0,0,63,51,0.81
2057966,8493,Australia,62743,J. Irvine,1468.0,0,0,0,0,0,0,0,0,0,0,0,0,4,3,0.75
2057966,8493,Australia,69978,T. Jurić,1948.0,0,0,0,0,0,0,0,0,0,0,0,0,4,3,0.75
2057966,8493,Australia,238055,A. Nabbout,3844.2,0,0,0,0,0,0,0,0,1,0,0,0,3,3,1.0
2057966,8493,Australia,403613,D. Arzani,748.0,0,0,0,0,0,0,0,0,0,0,0,0,3,2,0.67
2057972,7839,Iceland,93,J. Guðmunds­son,3784.5,0,0,0,1,0,0,1,0,0,0,0,0,13,10,0.77
2057972,7839,Iceland,21314,E. Hallfreðsson,5765.5,0,0,0,0,0,0,0,0,1,0,0,0,26,23,0.88
2057972,7839,Iceland,37948,A. Finnbogason,5344.5,1,0,0,2,1,2,0,0,4,0,0,0,15,13,0.87
2057972,7839,Iceland,38084,B. Bjarnason,5765.5,0,0,0,1,0,1,0,0,4,0,0,0,16,11,0.69
2057972,7839,Iceland,51127,A. Skúlason,1201.0,0,0,0,0,0,0,0,0,0,0,0,0,4,4,1.0
2057972,7839,Iceland,54451,B. Sævarsson,5765.5,0,0,0,0,0,0,0,0,0,0,0,0,14,12,0.86
2057972,7839,Iceland,54495,B. Sigurðarson,421.0,0,0,0,0,0,0,0,0,0,0,0,0,1,1,1.0
2057972,7839,Iceland,55983,R. Sigurðsson,5765.5,0,0,0,0,0,0,0,0,1,0,0,0,11,10,0.91
2057972,7839,Iceland,56146,R. Gíslason,1981.0,0,0,0,0,0,0,0,0,0,0,0,0,3,3,1.0
2057972,7839,Iceland,57226,H. Halldórsson,5765.5,0,0,0,0,0,0,0,0,0,0,0,0,23,17,0.74
2057972,7839,Iceland,62221,K. Árnason,5765.5,0,0,0,0,0,0,0,0,3,0,0,0,13,11,0.85
2057972,7839,Iceland,77521,A. Gunnarsson,4564.5,0,0,0,0,0,0,0,0,1,0,0,0,17,12,0.71
2057972,7839,Iceland,77558,G. Sigurðsson,5765.5,0,0,0,3,1,2,1,0,0,0,0,0,22,17,0.77
2057972,7839,Iceland,135207,H. Magnússon,5765.5,0,0,0,1,0,0,1,0,1,0,0,0,15,5,0.33
2057972,12274,Argentina,3280,É. Banega,2521.0,0,0,0,2,1,1,1,0,0,0,0,0,54,46,0.85
2057972,12274,Argentina,3314,Á. di María,4504.5,0,0,0,0,0,0,0,0,0,0,0,0,36,31,0.86
2057972,12274,Argentina,3323,G. Higuaín,711.0,0,0,0,0,0,0,0,0,0,0,0,0,5,4,0.8
2057972,12274,Argentina,3355,J. Mascherano,5765.5,0,0,0,1,1,1,0,0,6,0,0,0,138,132,0.96
2057972,12274,Argentina,3359,L. Messi,5765.5,0,0,0,11,2,1,10,0,1,0,0,0,71,65,0.92
2057972,12274,Argentina,3445,E. Salvio,5765.5,0,0,0,1,0,0,1,0,0,0,0,0,76,64,0.84
2057972,12274,Argentina,3551,W. Caballero,5765.5,0,0,0,0,0,0,0,0,0,0,0,0,16,15,0.94
2057972,12274,Argentina,8325,S. Agüero,5765.5,1,0,0,3,1,2,1,0,0,0,0,0,42,32,0.76
2057972,12274,Argentina,37732,L. Biglia,3244.5,0,0,0,2,0,1,0,1,0,0,0,0,50,47,0.94
2057972,12274,Argentina,70086,N. Otamendi,5765.5,0,0,0,3,1,1,0,2,0,0,0,0,75,71,0.95
2057972,12274,Argentina,86722,N. Tagliafico,5765.5,0,0,0,1,0,0,0,1,1,0,0,0,54,51,0.94
2057972,12274,Argentina,101652,M. Rojo,5765.5,0,0,0,1,0,0,1,0,0,0,0,0,84,80,0.95
2057972,12274,Argentina,146459,M. Meza,5054.5,0,0,0,0,0,0,0,0,2,0,0,0,42,38,0.9
2057972,12274,Argentina,285396,C. Pavón,1261.0,0,0,0,1,0,1,0,0,0,0,0,0,10,8,0.8
2057967,7712,Denmark,54,C. Eriksen,5864.6,0,1,0,3,1,1,2,0,0,0,0,0,43,33,0.77
2057967,7712,Denmark,405,L. Schöne,3744.6,0,0,0,1,1,1,0,0,0,0,0,0,15,12,0.8
2057967,7712,Denmark,8480,K. Schmeichel,5864.6,0,0,0,0,0,0,0,0,0,0,0,0,21,18,0.86
2057967,7712,Denmark,14744,W. Kvist,2120.0,0,0,0,0,0,0,0,0,0,0,0,0,20,18,0.9
2057967,7712,Denmark,15080,N. Jørgensen,5864.6,0,0,0,1,0,0,1,0,3,2,0,0,17,7,0.41
2057967,7712,Denmark,20433,S. Kjær,5864.6,0,0,0,0,0,0,0,0,2,0,0,0,37,33,0.89
2057967,7712,Denmark,55968,M. Braithwaite,1726.0,0,0,0,0,0,0,0,0,0,0,0,0,2,2,1.0
2057967,7712,Denmark,55979,M. Jørgensen,886.0,0,0,0,0,0,0,0,0,0,0,0,0,1,1,1.0
2057967,7712,Denmark,55990,T. Delaney,5864.6,0,0,0,2,0,0,2,0,4,0,1,0,38,30,0.79
2057967,7712,Denmark,56026,J. Stryger Larsen,5864.6,0,0,0,1,0,1,0,0,0,0,0,0,27,25,0.93
2057967,7712,Denmark,56274,Y. Poulsen,5864.6,1,0,0,2,1,0,1,1,5,1,1,0,26,21,0.81
2057967,7712,Denmark,56394,H. Dalsgaard,5864.6,0,0,0,0,0,0,0,0,2,0,0,0,27,26,0.96
2057967,7712,Denmark,135103,A. Christensen,4978.6,0,0,0,0,0,0,0,0,2,0,0,0,47,45,0.96
2057967,7712,Denmark,241945,P. Sisto,4138.6,0,0,0,1,0,0,1,0,0,0,0,0,28,23,0.82
2057967,15594,Peru,14872,J. Farfán,5218.6,0,0,0,3,1,3,0,0,3,0,0,0,16,13,0.81
2057967,15594,Peru,14909,P. Guerrero,1986.0,0,0,0,2,1,1,0,1,0,1,0,0,6,6,1.0
2057967,15594,Peru,70144,A. Rodríguez,5864.6,0,0,0,1,0,0,0,1,0,0,0,0,30,29,0.97
2057967,15594,Peru,70156,A. Carrillo,5864.6,0,0,0,1,1,0,1,0,0,1,0,0,36,31,0.86
2057967,15594,Peru,89571,R. Ruidíaz,646.0,0,0,0,0,0,0,0,0,1,0,0,0,2,2,1.0
2057967,15594,Peru,114617,C. Ramos,5864.6,0,0,0,1,0,0,1,0,0,1,0,0,34,30,0.88
2057967,15594,Peru,114709,L. Advíncula,5864.6,0,0,0,2,1,1,1,0,0,0,0,0,38,33,0.87
2057967,15594,Peru,114723,Y. Yotún,5864.6,0,0,0,1,1,0,1,0,2,0,0,0,70,61,0.87
2057967,15594,Peru,114762,É. Flores,3878.6,0,0,0,2,1,0,2,0,0,0,0,0,22,19,0.86
2057967,15594,Peru,114798,P. Gallese,5864.6,0,0,0,0,0,0,0,0,0,0,0,0,12,10,0.83
2057967,15594,Peru,114813,C. Cueva,5864.6,0,0,0,1,0,1,0,0,0,2,0,0,54,41,0.76
2057967,15594,Peru,115146,M. Trauco,5864.6,0,0,0,0,0,0,0,0,1,0,0,0,50,42,0.84
2057967,15594,Peru,139075,R. Tapia,5338.6,0,0,0,1,0,1,0,0,3,0,1,0,30,23,0.77
2057967,15594,Peru,139078,P. Aquino,526.0,0,0,0,0,0,0,0,0,0,0,0,0,7,7,1.0
2057973,9598,Croatia,3476,I. Rakitić,5757.7,0,0,0,1,0,1,0,0,3,0,1,0,63,52,0.83
2057973,9598,Croatia,8287,L. Modrić,5757.7,1,0,0,1,1,1,0,0,3,0,0,0,63,55,0.87
2057973,9598,Croatia,14812,I. Perišić,5757.7,0,0,0,1,0,1,0,0,1,1,0,0,37,30,0.81
2057973,9598,Croatia,14943,M. Mandžukić,5209.2,0,0,0,2,0,0,0,2,3,0,0,0,23,15,0.65
2057973,9598,Croatia,25393,D. Lovren,5757.7,0,0,0,0,0,0,0,0,1,0,0,0,56,49,0.88
2057973,9598,Croatia,69396,D. Vida,5757.7,0,0,0,0,0,0,0,0,0,0,0,0,39,34,0.87
2057973,9598,Croatia,69404,M. Kovačić,1028.5,0,0,0,1,1,1,0,0,0,0,0,0,3,3,1.0
2057973,9598,Croatia,69409,Š. Vrsaljko,5757.7,0,0,0,1,0,1,0,0,1,0,0,0,37,31,0.84
2057973,9598,Croatia,69411,A. Kramarić,3709.2,0,0,0,2,0,1,0,1,0,1,0,0,18,11,0.61
2057973,9598,Croatia,69616,A. Rebić,4729.2,0,0,0,1,0,1,0,0,5,0,0,0,31,21,0.68
2057973,9598,Croatia,69968,M. Brozović,2048.5,0,0,0,0,0,0,0,0,2,0,1,0,27,26,0.96
2057973,9598,Croatia,105361,I. Strinić,5757.7,0,0,0,0,0,0,0,0,1,0,0,0,45,34,0.76
2057973,9598,Croatia,135747,D. Subašić,5757.7,0,0,0,0,0,0,0,0,0,0,0,0,22,21,0.95
2057973,9598,Croatia,135810,M. Pjaca,548.5,0,0,0,0,0,0,0,0,0,0,0,0,3,2,0.67
2057973,16823,Nigeria,5295,O. Ighalo,4429.2,0,0,0,2,1,0,1,1,3,0,0,0,7,5,0.71
2057973,16823,Nigeria,7898,J. Obi Mikel,5329.2,0,0,0,0,0,0,0,0,1,0,0,0,40,34,0.85
2057973,16823,Nigeria,8625,V. Moses,5757.7,0,0,0,3,0,2,1,0,2,0,0,0,32,21,0.66
2057973,16823,Nigeria,11093,W. Troost-Ekong,5757.7,0,0,0,0,0,0,0,0,2,0,1,0,51,46,0.9
2057973,16823,Nigeria,16443,L. Balogun,5757.7,0,0,0,1,1,0,0,1,1,0,0,0,43,35,0.81
2057973,16823,Nigeria,72397,Simy,428.5,0,0,0,0,0,0,0,0,2,0,0,0,0,0,0.0
2057973,16823,Nigeria,101606,A. Musa,1988.5,0,0,0,0,0,0,0,0,1,0,0,0,7,5,0.71
2057973,16823,Nigeria,209792,B. Idowu,5757.7,0,0,0,0,0,0,0,0,0,0,0,0,27,20,0.74
2057973,16823,Nigeria,230020,A. Iwobi,3769.2,0,0,0,3,0,3,0,0,1,0,0,0,21,17,0.81
2057973,16823,Nigeria,265366,W. Ndidi,5757.7,0,0,0,0,0,0,0,0,1,0,0,0,40,39,0.98
2057973,16823,Nigeria,265368,A. Shehu,5757.7,0,0,0,0,0,0,0,0,1,0,0,0,35,33,0.94
2057973,16823,Nigeria,285491,F. Uzoho,5757.7,0,0,0,0,0,0,0,0,0,0,0,0,22,15,0.68
2057973,16823,Nigeria,285508,K. Iheanacho,1328.5,0,0,0,1,0,0,1,0,0,1,0,0,2,1,0.5
2057973,16823,Nigeria,424624,O. Etebo,5757.7,0,0,1,2,0,2,0,0,1,0,0,0,66,63,0.95
2057979,16871,Costa Rica,3915,K. Navas,5976.7,0,0,0,0,0,0,0,0,0,0,0,0,29,24,0.83
2057979,16871,Costa Rica,11155,B. Ruiz,5976.7,0,0,0,1,0,0,1,0,0,0,0,0,52,43,0.83
2057979,16871,Costa Rica,26038,J. Campbell,1891.3,0,0,0,1,0,0,1,0,1,0,0,0,13,9,0.69
2057979,16871,Costa Rica,51004,C. Borges,5976.7,0,0,0,1,0,1,0,0,1,0,0,0,55,48,0.87
2057979,16871,Costa Rica,55977,C. Gamboa,5976.7,0,0,0,1,1,1,0,0,1,0,0,0,41,33,0.8
2057979,16871,Costa Rica,55988,C. Bolaños,2311.3,0,0,0,0,0,0,0,0,0,1,0,0,25,21,0.84
2057979,16871,Costa Rica,101796,M. Ureña,4085.3,0,0,0,2,1,1,1,0,3,0,0,0,6,5,0.83
2057979,16871,Costa Rica,125250,Ó. Duarte,5976.7,0,0,0,1,0,0,0,1,0,0,0,0,51,46,0.9
2057979,16871,Costa Rica,125260,D. Guzmán,4445.3,0,0,0,0,0,0,0,0,4,0,1,0,44,39,0.89
2057979,16871,Costa Rica,125273,D. Colindres,1531.3,0,0,0,0,0,0,0,0,0,0,0,0,3,3,1.0
2057979,16871,Costa Rica,125284,J. Acosta,5976.7,0,0,0,0,0,0,0,0,1,0,0,0,27,26,0.96
2057979,16871,Costa Rica,125286,G. González,5976.7,0,0,0,2,1,0,0,2,1,0,0,0,36,32,0.89
2057979,16871,Costa Rica,125452,J. Venegas,3665.3,0,0,0,0,0,0,0,0,4,0,0,0,20,14,0.7
2057979,16871,Costa Rica,125512,F. Calvo,5976.7,0,0,0,1,0,1,0,0,1,0,1,0,40,32,0.8
2057979,17322,Serbia,383,D. Tadić,5976.7,0,0,0,0,0,0,0,0,2,0,0,0,27,23,0.85
2057979,17322,Serbia,7891,B. Ivanović,5976.7,0,0,0,0,0,0,0,0,1,0,1,0,44,34,0.77
2057979,17322,Serbia,8306,A. Kolarov,5976.7,1,0,0,2,1,0,2,0,1,0,0,0,40,30,0.75
2057979,17322,Serbia,15214,A. Rukavina,561.3,0,0,0,0,0,0,0,0,0,0,0,0,5,5,1.0
2057979,17322,Serbia,20941,A. Ljajić,4265.3,0,0,0,0,0,0,0,0,0,0,0,0,19,15,0.79
2057979,17322,Serbia,50411,A. Prijović,511.3,0,0,0,0,0,0,0,0,1,0,1,0,2,2,1.0
2057979,17322,Serbia,70122,N. Matić,5976.7,0,0,0,1,0,0,1,0,3,0,0,0,44,42,0.95
2057979,17322,Serbia,127530,D. Tošić,5415.3,0,0,0,0,0,0,0,0,0,0,0,0,44,39,0.89
2057979,17322,Serbia,127537,L. Milivojević,5976.7,0,0,0,0,0,0,0,0,0,0,0,0,53,44,0.83
2057979,17322,Serbia,127671,V. Stojković,5976.7,0,0,0,0,0,0,0,0,0,0,0,0,14,12,0.86
2057979,17322,Serbia,127796,F. Kostić,1711.3,0,0,0,1,0,0,1,0,1,0,0,0,6,1,0.17
2057979,17322,Serbia,128214,A. Mitrović,5465.3,0,0,0,4,1,2,0,2,1,1,0,0,19,14,0.74
2057979,17322,Serbia,265865,S. Milinković-Savić,5976.7,0,0,0,2,0,1,0,1,3,2,0,0,32,25,0.78
2057979,17322,Serbia,424241,N. Milenković,5976.7,0,0,0,0,0,0,0,0,1,0,0,0,43,39,0.91
2057984,3148,독일,3318,S. 케디라,3602.6,0,0,0,1,0,1,0,0,0,0,0,0,50,41,0.82
2057984,3148,독일,3319,M. 외질,5651.2,0,0,0,1,0,0,1,0,0,0,0,0,76,67,0.88
2057984,3148,독일,14712,M. 노이어,5651.2,0,0,0,0,0,0,0,0,0,0,0,0,18,17,0.94
2057984,3148,독일,14716,J. Boateng,5651.2,0,0,0,1,1,0,1,0,3,0,0,0,83,73,0.88
2057984,3148,독일,14723,T. 크로스,5651.2,0,0,0,6,3,4,2,0,1,0,0,0,79,75,0.95
2057984,3148,독일,14731,M. 고메스,888.6,0,0,0,2,1,1,0,1,0,0,0,0,2,2,1.0
2057984,3148,독일,14732,T. 뮐러,5651.2,0,0,0,0,0,0,0,0,1,1,1,0,49,32,0.65
2057984,3148,독일,14795,M. 훔멜스,5651.2,0,0,0,1,1,0,1,0,3,0,1,0,35,33,0.94
2057984,3148,독일,14862,J. Draxler,5651.2,0,0,0,5,1,4,1,0,1,0,0,0,49,45,0.92
2057984,3148,독일,15024,M. 로이스,2048.6,0,0,0,1,0,1,0,0,0,0,0,0,24,21,0.88
2057984,3148,독일,15125,M. Plattenhardt,4762.6,0,0,0,1,1,0,1,0,0,0,0,0,24,24,1.0
2057984,3148,독일,146583,J. 브란트,478.6,0,0,0,1,0,1,0,0,0,0,0,0,6,6,1.0
2057984,3148,독일,173214,T. 베르너,5172.6,0,0,0,3,1,2,1,0,0,0,0,0,16,14,0.88
2057984,3148,독일,224593,J. 키미히,5651.2,0,0,0,2,0,1,1,0,1,0,0,0,76,61,0.8
2057984,15473,Mexico,3384,A. Guardado,4442.6,0,0,0,1,0,0,1,0,0,0,0,0,29,25,0.86
2057984,15473,Mexico,3685,C. Vela,3482.6,0,0,0,1,0,0,1,0,1,0,0,0,24,19,0.79
2057984,15473,Mexico,3795,H. Moreno,5651.2,0,0,0,1,1,0,0,1,3,0,1,0,30,24,0.8
2057984,15473,Mexico,7941,J. Hernández,5651.2,0,1,0,1,0,0,1,0,2,0,0,0,14,11,0.79
2057984,15473,Mexico,25816,G. Ochoa,5651.2,0,0,0,0,0,0,0,0,0,0,0,0,22,18,0.82
2057984,15473,Mexico,59003,R. Márquez,1208.6,0,0,0,0,0,0,0,0,0,0,0,0,6,5,0.83
2057984,15473,Mexico,112366,M. Layún,5651.2,0,0,0,5,1,5,0,0,1,0,0,0,17,16,0.94
2057984,15473,Mexico,112392,R. Jiménez,1688.6,0,0,0,0,0,0,0,0,1,0,0,0,8,4,0.5
2057984,15473,Mexico,112459,H. Herrera,5651.2,0,0,0,1,1,1,0,0,5,1,1,0,35,30,0.86
2057984,15473,Mexico,112777,H. Ayala,5651.2,0,0,0,0,0,0,0,0,0,0,0,0,16,14,0.88
2057984,15473,Mexico,255387,C. Salcedo,5651.2,0,0,0,0,0,0,0,0,1,0,0,0,19,16,0.84
2057984,15473,Mexico,295156,H. Lozano,3962.6,1,0,0,2,1,2,0,0,2,0,0,0,24,22,0.92
2057984,15473,Mexico,336178,J. Gallardo,5651.2,0,0,0,0,0,0,0,0,1,0,0,0,37,27,0.73
2057984,15473,Mexico,448210,E. Álvarez,2168.6,0,0,0,0,0,0,0,0,1,0,0,0,4,3,0.75
2057978,6380,Brazil,3310,Marcelo,5902.4,0,0,0,0,0,0,0,0,0,0,0,0,82,61,0.74
2057978,6380,Brazil,3431,João Miranda,5902.4,0,0,0,1,0,1,0,0,1,0,0,0,69,65,0.94
2057978,6380,Brazil,3802,Philippe Coutinho,5902.4,1,0,0,4,1,4,0,0,2,0,0,0,75,67,0.89
2057978,6380,Brazil,14785,Renato Augusto,1802.0,0,0,0,1,0,0,1,0,0,0,0,0,15,13,0.87
2057978,6380,Brazil,15808,Roberto Firmino,1082.0,0,0,0,2,1,1,0,1,1,0,0,0,5,5,1.0
2057978,6380,Brazil,20394,Thiago Silva,5902.4,0,0,0,1,0,0,0,1,1,0,0,0,56,50,0.89
2057978,6380,Brazil,40550,Paulinho,4100.3,0,0,0,1,0,0,1,0,0,0,0,0,25,23,0.92
2057978,6380,Brazil,40756,Casemiro,3680.3,0,0,0,1,0,1,0,0,1,0,1,0,39,37,0.95
2057978,6380,Brazil,40810,Neymar,5902.4,0,0,0,4,2,3,0,1,0,1,0,0,36,31,0.86
2057978,6380,Brazil,70083,Danilo,5902.4,0,0,0,0,0,0,0,0,0,0,0,0,54,48,0.89
2057978,6380,Brazil,105333,Willian,5902.4,0,0,0,2,0,1,1,0,2,0,0,0,38,28,0.74
2057978,6380,Brazil,105339,Fernandinho,2222.0,0,0,0,2,0,2,0,0,2,0,0,0,10,10,1.0
2057978,6380,Brazil,214220,Alisson,5902.4,0,0,0,0,0,0,0,0,0,0,0,0,10,10,1.0
2057978,6380,Brazil,340386,Gabriel Jesus,4820.3,0,0,0,0,0,0,0,0,1,0,0,0,17,11,0.65
2057978,6697,Switzerland,14922,R. Rodríguez,5902.4,0,0,0,0,0,0,0,0,0,0,0,0,33,28,0.85
2057978,6697,Switzerland,20465,S. Lichtsteiner,5300.3,0,0,0,0,0,0,0,0,1,0,1,0,34,22,0.65
2057978,6697,Switzerland,20766,H. Seferović,4850.3,0,0,0,0,0,0,0,0,2,0,0,0,9,6,0.67
2057978,6697,Switzerland,20938,V. Behrami,4340.3,0,0,0,0,0,0,0,0,4,0,1,0,45,42,0.93
2057978,6697,Switzerland,21169,B. Džemaili,5902.4,0,0,0,3,1,2,1,0,5,0,0,0,23,20,0.87
2057978,6697,Switzerland,49855,Y. Sommer,5902.4,0,0,0,0,0,0,0,0,0,0,0,0,18,15,0.83
2057978,6697,Switzerland,49872,X. Shaqiri,5902.4,0,1,0,1,0,0,1,0,0,0,0,0,48,39,0.81
2057978,6697,Switzerland,49876,G. Xhaka,5902.4,0,0,0,0,0,0,0,0,1,0,0,0,60,52,0.87
2057978,6697,Switzerland,49977,M. Lang,602.0,0,0,0,0,0,0,0,0,2,0,0,0,2,1,0.5
2057978,6697,Switzerland,49997,S. Zuber,5902.4,1,0,0,2,1,1,0,1,1,0,0,0,30,21,0.7
2057978,6697,Switzerland,50102,F. Schär,5902.4,0,0,0,0,0,0,0,0,1,0,1,0,58,47,0.81
2057978,6697,Switzerland,282772,B. Embolo,1052.0,0,0,0,0,0,0,0,0,1,0,0,0,1,0,0.0
2057978,6697,Switzerland,297957,M. Akanji,5902.4,0,0,0,0,0,0,0,0,0,0,0,0,68,63,0.93
2057978,6697,Switzerland,360992,D. Zakaria,1562.0,0,0,0,0,0,0,0,0,1,0,0,0,4,3,0.75
2057985,7047,Sweden,123,O. Toivonen,4626.2,0,0,0,1,1,0,0,1,0,0,0,0,12,7,0.58
2057985,7047,Sweden,8529,S. Larsson,4866.2,0,0,0,1,0,1,0,0,4,0,0,0,73,63,0.86
2057985,7047,Sweden,14908,M. Berg,5775.2,0,0,0,3,1,1,2,0,6,1,0,0,10,7,0.7
2057985,7047,Sweden,20876,A. Ekdal,4326.2,0,0,0,0,0,0,0,0,1,0,0,0,63,60,0.95
2057985,7047,Sweden,21275,A. Granqvist,5775.2,1,0,0,3,2,2,0,1,2,0,0,0,68,63,0.93
2057985,7047,Sweden,32798,G. Svensson,909.0,0,0,0,0,0,0,0,0,0,0,0,0,3,3,1.0
2057985,7047,Sweden,50798,R. Olsen,5775.2,0,0,0,0,0,0,0,0,0,0,0,0,13,11,0.85
2057985,7047,Sweden,50806,P. Jansson,5775.2,0,0,0,1,0,0,0,1,2,0,0,0,48,47,0.98
2057985,7047,Sweden,51132,E. Forsberg,5775.2,0,0,0,4,0,4,0,0,1,0,0,0,27,25,0.93
2057985,7047,Sweden,51144,V. Claesson,5775.2,0,0,0,2,0,1,0,1,3,0,1,0,30,24,0.8
2057985,7047,Sweden,51145,O. Hiljemark,1449.0,0,0,0,0,0,0,0,0,0,0,0,0,8,6,0.75
2057985,7047,Sweden,51217,L. Augustinsson,5775.2,0,0,0,0,0,0,0,0,0,0,0,0,36,24,0.67
2057985,7047,Sweden,51262,I. Kiese Thelin,1149.0,0,0,0,0,0,0,0,0,1,0,0,0,4,3,0.75
2057985,7047,Sweden,61949,M. Lustig,5775.2,0,0,0,0,0,0,0,0,0,0,0,0,38,30,0.79
2057985,14855,대한민국,14911,손흥민,5775.2,0,0,0,0,0,0,0,0,0,0,0,0,24,19,0.79
2057985,14855,대한민국,15781,구자철,4446.2,0,0,0,1,0,0,0,1,1,0,0,0,15,14,0.93
2057985,14855,대한민국,49862,Joo-Ho Park,1680.0,0,0,0,0,0,0,0,0,1,0,0,0,7,3,0.43
2057985,14855,대한민국,61962,Sung-Yeung Ki,5775.2,0,0,0,0,0,0,0,0,2,0,0,0,44,38,0.86
2057985,14855,대한민국,95200,김영권,5775.2,0,0,0,0,0,0,0,0,1,0,0,0,41,34,0.83
2057985,14855,대한민국,95299,Min-Woo Kim,4095.2,0,0,0,1,0,1,0,0,3,0,0,0,26,19,0.73
2057985,14855,대한민국,95490,정우영,1749.0,0,0,0,0,0,0,0,0,1,0,0,0,21,20,0.95
2057985,14855,대한민국,107529,이용,5775.2,0,0,0,0,0,0,0,0,2,0,0,0,40,29,0.72
2057985,14855,대한민국,107548,Shin-Wook Kim,4026.2,0,0,0,0,0,0,0,0,3,0,1,0,8,6,0.75
2057985,14855,대한민국,138633,장현수,5775.2,0,0,0,0,0,0,0,0,5,0,0,0,43,37,0.86
2057985,14855,대한민국,256043,조현우,5775.2,0,0,0,0,0,0,0,0,0,0,0,0,20,17,0.85
2057985,14855,대한민국,299121,이재성,5775.2,0,0,0,1,0,0,1,0,0,0,0,0,31,26,0.84
2057985,14855,대한민국,349687,황희찬,5775.2,0,0,0,1,0,0,0,1,4,0,1,0,17,11,0.65
2057985,14855,대한민국,403546,Lee Seung-Woo,1329.0,0,0,0,1,0,0,1,0,0,0,0,0,13,9,0.69
2057990,5629,Belgium,36,T. Alderweireld,5769.4,0,0,0,0,0,0,0,0,0,0,0,0,105,95,0.9
2057990,5629,Belgium,48,J. Vertonghen,5769.4,0,0,0,0,0,0,0,0,2,0,1,0,64,61,0.95
2057990,5629,Belgium,122,D. Mertens,5043.6,1,0,0,4,2,4,0,0,0,1,0,0,35,25,0.71
2057990,5629,Belgium,261,N. Chadli,305.8,0,0,0,0,0,0,0,0,0,0,0,0,3,1,0.33
2057990,5629,Belgium,3429,T. Courtois,5769.4,0,0,0,0,0,0,0,0,0,0,0,0,21,19,0.9
2057990,5629,Belgium,7905,R. Lukaku,5769.4,2,0,0,3,2,0,2,1,2,0,0,0,15,10,0.67
2057990,5629,Belgium,8034,D. Boyata,5769.4,0,0,0,0,0,0,0,0,1,0,0,0,82,78,0.95
2057990,5629,Belgium,11152,M. Dembélé,1265.8,0,0,0,0,0,0,0,0,1,0,0,0,8,8,1.0
2057990,5629,Belgium,25622,T. Hazard,725.8,0,0,0,0,0,0,0,0,1,0,0,0,3,3,1.0
2057990,5629,Belgium,25707,E. Hazard,5769.4,0,1,0,4,1,3,1,0,1,0,0,0,36,29,0.81
2057990,5629,Belgium,37824,T. Meunier,5769.4,0,0,0,0,0,0,0,0,3,0,1,0,38,30,0.79
2057990,5629,Belgium,38021,K. De Bruyne,5769.4,0,1,0,4,0,4,0,0,2,0,1,0,71,54,0.76
2057990,5629,Belgium,70123,A. Witsel,5463.6,0,0,0,0,0,0,0,0,3,0,0,0,55,54,0.98
2057990,5629,Belgium,134769,Y. Carrasco,4503.6,0,0,0,1,1,1,0,0,1,0,0,0,23,21,0.91
2057990,17929,Panama,59083,G. Gómez,5769.4,0,0,0,0,0,0,0,0,0,0,0,0,44,44,1.0
2057990,17929,Panama,86411,A. Cooper,5769.4,0,0,0,1,0,1,0,0,2,0,1,0,30,27,0.9
2057990,17929,Panama,86414,A. Godoy,5769.4,0,0,0,0,0,0,0,0,2,0,1,0,43,39,0.91
2057990,17929,Panama,91263,R. Torres,5769.4,0,0,0,2,0,1,0,1,1,0,0,0,25,21,0.84
2057990,17929,Panama,113517,B. Pérez,4443.6,0,0,0,0,0,0,0,0,1,1,0,0,18,12,0.67
2057990,17929,Panama,114864,L. Tejada,1325.8,0,0,0,0,0,0,0,0,0,0,0,0,10,8,0.8
2057990,17929,Panama,116364,E. Davis,5769.4,0,0,0,0,0,0,0,0,4,0,1,0,46,35,0.76
2057990,17929,Panama,116997,G. Torres,1925.8,0,0,0,1,1,1,0,0,0,0,0,0,7,5,0.71
2057990,17929,Panama,125774,J. Penedo,5769.4,0,0,0,0,0,0,0,0,0,0,0,0,9,6,0.67
2057990,17929,Panama,241077,Y. Bárcenas,3843.6,0,0,0,1,0,1,0,0,3,0,1,0,20,15,0.75
2057990,17929,Panama,241134,I. Díaz,1925.8,0,0,0,0,0,0,0,0,0,1,0,0,4,4,1.0
2057990,17929,Panama,273683,F. Escobar,5769.4,0,0,0,1,1,1,0,0,3,0,0,0,28,24,0.86
2057990,17929,Panama,361498,M. Murillo,5769.4,0,0,0,1,1,1,0,0,4,0,1,0,47,33,0.7
2057990,17929,Panama,401861,J. Rodriguez,3843.6,0,0,0,0,0,0,0,0,0,0,0,0,9,7,0.78
2057991,2413,England,7934,J. Lingard,5705.1,0,0,0,4,1,3,1,0,0,1,0,0,27,26,0.96
2057991,2413,England,7939,A. Young,5821.9,0,0,0,1,0,1,0,0,2,0,0,0,47,41,0.87
2057991,2413,England,7964,J. Henderson,5821.9,0,0,0,1,1,1,0,0,0,0,0,0,64,57,0.89
2057991,2413,England,8277,K. Walker,5821.9,0,0,0,0,0,0,0,0,1,0,1,0,74,68,0.92
2057991,2413,England,8653,H. Maguire,5821.9,0,1,0,2,2,0,0,2,2,0,0,0,75,70,0.93
2057991,2413,England,8717,H. Kane,5821.9,2,0,0,3,2,2,0,1,1,1,0,0,18,13,0.72
2057991,2413,England,8945,K. Trippier,5821.9,0,0,0,1,0,1,0,0,0,0,0,0,54,43,0.8
2057991,2413,England,9380,J. Stones,5821.9,0,0,0,1,1,0,0,1,1,0,0,0,74,72,0.97
2057991,2413,England,10131,J. Pickford,5821.9,0,0,0,0,0,0,0,0,0,0,0,0,24,19,0.79
2057991,2413,England,11066,R. Sterling,4225.1,0,0,0,0,0,0,0,0,1,0,0,0,16,12,0.75
2057991,2413,England,13484,D. Alli,4925.1,0,0,0,1,1,0,0,1,0,1,0,0,31,24,0.77
2057991,2413,England,235555,R. Loftus-Cheek,896.8,0,0,0,0,0,0,0,0,0,0,0,0,6,4,0.67
2057991,2413,England,397178,M. Rashford,1596.8,0,0,0,0,0,0,0,0,0,0,0,0,8,7,0.88
2057991,16276,Tunisia,10014,S. Ben Youssef,5821.9,0,0,0,0,0,0,0,0,2,0,0,0,25,21,0.84
2057991,16276,Tunisia,25776,W. Khazri,5225.1,0,0,0,1,0,1,0,0,2,1,0,0,18,13,0.72
2057991,16276,Tunisia,26100,N. Sliti,4565.1,0,0,0,2,0,1,1,0,0,0,0,0,17,12,0.71
2057991,16276,Tunisia,26668,S. Khalifa,596.8,0,0,0,0,0,0,0,0,0,1,0,0,0,0,0.0
2057991,16276,Tunisia,28094,A. Badri,5821.9,0,0,0,0,0,0,0,0,0,0,0,0,34,31,0.91
2057991,16276,Tunisia,120784,F. Ben Mustapha,4921.9,0,0,0,0,0,0,0,0,0,0,0,0,15,11,0.73
2057991,16276,Tunisia,120839,A. Maâloul,5821.9,0,0,0,0,0,0,0,0,1,0,0,0,37,32,0.86
2057991,16276,Tunisia,120853,F. Sassi,5821.9,1,0,0,2,1,2,0,0,3,0,0,0,38,33,0.87
2057991,16276,Tunisia,149050,M. Hassen,900.0,0,0,0,0,0,0,0,0,0,0,0,0,5,3,0.6
2057991,16276,Tunisia,209354,F. Ben Youssef,5821.9,0,0,0,1,0,0,0,1,1,0,0,0,31,23,0.74
2057991,16276,Tunisia,246946,E. Skhiri,5821.9,0,0,0,0,0,0,0,0,2,0,0,0,35,31,0.89
2057991,16276,Tunisia,295747,D. Bronn,5821.9,0,0,0,0,0,0,0,0,1,0,0,0,39,33,0.85
2057991,16276,Tunisia,331763,Y. Meriah,5821.9,0,0,0,0,0,0,0,0,2,0,0,0,42,33,0.79
2057991,16276,Tunisia,354041,M. Ben Amor,1256.8,0,0,0,0,0,0,0,0,0,0,0,0,5,5,1.0
2057997,12430,Colombia,3450,R. Falcao,5763.2,0,0,0,2,2,1,1,0,1,1,0,0,21,19,0.9
2057997,12430,Colombia,20751,J. Cuadrado,1860.0,0,0,0,1,0,1,0,0,0,0,0,0,11,9,0.82
2057997,12430,Colombia,25662,D. Ospina,5763.2,0,0,0,0,0,0,0,0,0,0,0,0,18,13,0.72
2057997,12430,Colombia,26518,C. Sánchez,171.4,0,0,0,0,0,0,0,0,1,0,0,1,3,2,0.67
2057997,12430,Colombia,37831,C. Bacca,1560.7,0,0,0,1,0,1,0,0,0,0,0,0,8,6,0.75
2057997,12430,Colombia,70096,J. Rodríguez,2220.7,0,0,0,1,0,0,1,0,3,0,1,0,17,13,0.76
2057997,12430,Colombia,70136,S. Arias,5763.2,0,0,0,0,0,0,0,0,4,1,0,0,38,28,0.74
2057997,12430,Colombia,91002,O. Murillo,5763.2,0,0,0,1,0,0,0,1,0,0,0,0,42,36,0.86
2057997,12430,Colombia,91019,J. Quintero,3542.5,1,0,0,2,1,0,2,0,0,0,0,0,27,20,0.74
2057997,12430,Colombia,91381,J. Izquierdo,4202.5,0,0,0,0,0,0,0,0,1,0,0,0,26,20,0.77
2057997,12430,Colombia,91702,J. Mojica,5763.2,0,0,0,0,0,0,0,0,1,0,0,0,53,44,0.83
2057997,12430,Colombia,246928,W. Barrios,3903.2,0,0,0,0,0,0,0,0,2,0,1,0,27,22,0.81
2057997,12430,Colombia,255738,J. Lerma,5763.2,0,0,0,0,0,0,0,0,2,0,0,0,44,38,0.86
2057997,12430,Colombia,257762,D. Sánchez,5763.2,0,0,0,0,0,0,0,0,0,0,0,0,36,30,0.83
2057997,12913,Japan,703,M. Yoshida,5763.2,0,0,0,1,0,0,0,1,3,0,0,0,94,85,0.9
2057997,12913,Japan,14763,S. Okazaki,660.7,0,0,0,0,0,0,0,0,0,0,0,0,1,1,1.0
2057997,12913,Japan,14816,S. Kagawa,4202.5,1,0,0,2,1,1,1,0,0,0,0,0,42,37,0.88
2057997,12913,Japan,14836,T. Inui,5763.2,0,0,0,3,1,3,0,0,1,0,0,0,31,25,0.81
2057997,12913,Japan,14929,M. Hasebe,5763.2,0,0,0,0,0,0,0,0,3,0,0,0,78,71,0.91
2057997,12913,Japan,20517,Y. Nagatomo,5763.2,0,0,0,0,0,0,0,0,1,0,0,0,45,40,0.89
2057997,12913,Japan,37896,E. Kawashima,5763.2,0,0,0,0,0,0,0,0,1,0,1,0,18,18,1.0
2057997,12913,Japan,94650,G. Haraguchi,5763.2,0,0,0,0,0,0,0,0,1,0,0,0,36,32,0.89
2057997,12913,Japan,94695,H. Sakai,5763.2,0,0,0,2,0,2,0,0,0,0,0,0,47,38,0.81
2057997,12913,Japan,94814,G. Shōji,5763.2,0,0,0,0,0,0,0,0,0,0,0,0,72,69,0.96
2057997,12913,Japan,94828,G. Shibasaki,4802.5,0,0,0,0,0,0,0,0,0,0,0,0,70,62,0.89
2057997,12913,Japan,94831,Y. Ōsako,5102.5,1,0,0,5,3,1,2,2,0,1,0,0,17,13,0.76
2057997,12913,Japan,95010,H. Yamaguchi,960.7,0,0,0,0,0,0,0,0,0,0,0,0,14,12,0.86
2057997,12913,Japan,101592,K. Honda,1560.7,0,1,0,1,0,0,1,0,0,0,0,0,22,20,0.91
2057996,13869,Poland,7849,W. Szczęsny,5758.2,0,0,0,0,0,0,0,0,0,0,0,0,18,16,0.89
2057996,13869,Poland,14798,Ł. Piszczek,5037.4,0,0,0,1,0,1,0,0,0,0,0,0,42,30,0.71
2057996,13869,Poland,14804,J. Błaszczykowski,2817.4,0,0,0,0,0,0,0,0,0,1,0,0,9,7,0.78
2057996,13869,Poland,14817,R. Lewandowski,5758.2,0,0,0,2,1,1,1,0,1,1,0,0,17,16,0.94
2057996,13869,Poland,25537,G. Krychowiak,5758.2,1,0,0,1,1,0,0,1,2,0,1,0,76,66,0.87
2057996,13869,Poland,33032,K. Grosicki,5758.2,0,1,0,2,0,1,0,1,1,0,0,0,23,16,0.7
2057996,13869,Poland,99391,M. Rybus,5758.2,0,0,0,1,1,0,1,0,1,1,0,0,33,31,0.94
2057996,13869,Poland,99438,M. Pazdan,5758.2,0,0,0,0,0,0,0,0,0,0,0,0,100,89,0.89
2057996,13869,Poland,99452,A. Milik,4437.4,0,0,0,1,0,0,1,0,0,1,0,0,23,14,0.61
2057996,13869,Poland,99661,T. Cionek,5758.2,0,0,1,0,0,0,0,0,1,0,0,0,71,67,0.94
2057996,13869,Poland,99833,B. Bereszyński,720.8,0,0,0,0,0,0,0,0,0,0,0,0,5,4,0.8
2057996,13869,Poland,99902,P. Zieliński,5758.2,0,0,0,0,0,0,0,0,0,0,0,0,79,65,0.82
2057996,13869,Poland,240032,J. Bednarek,2940.8,0,0,0,0,0,0,0,0,0,0,0,0,40,39,0.98
2057996,13869,Poland,240042,D. Kownacki,1320.8,0,0,0,2,1,0,1,1,0,0,0,0,5,4,0.8
2057996,19314,Senegal,15054,M. Diouf,3777.4,0,0,0,0,0,0,0,0,1,2,0,0,5,3,0.6
2057996,19314,Senegal,25706,I. Gueye,5758.2,0,0,0,2,0,2,0,0,3,0,1,0,51,44,0.86
2057996,19314,Senegal,25726,K. Koulibaly,5758.2,0,0,0,0,0,0,0,0,1,0,0,0,34,26,0.76
2057996,19314,Senegal,25747,S. Mané,5758.2,0,0,0,1,0,0,1,0,2,0,0,0,38,32,0.84
2057996,19314,Senegal,25898,M. Niang,4557.4,1,0,0,2,1,1,1,0,2,0,0,0,34,25,0.74
2057996,19314,Senegal,26115,S. Sané,5758.2,0,0,0,2,0,1,0,1,1,0,1,0,35,31,0.89
2057996,19314,Senegal,27412,C. N'Doye,1980.8,0,0,0,0,0,0,0,0,0,0,0,0,10,6,0.6
2057996,19314,Senegal,28529,Y. Sabaly,5758.2,0,0,0,0,0,0,0,0,1,1,0,0,43,39,0.91
2057996,19314,Senegal,32793,A. N'Diaye,5277.4,0,0,0,0,0,0,0,0,1,0,0,0,28,22,0.79
2057996,19314,Senegal,37725,C. Kouyaté,480.8,0,0,0,0,0,0,0,0,0,0,0,0,1,1,1.0
2057996,19314,Senegal,97582,M. Konaté,1200.8,0,0,0,1,1,0,1,0,0,0,0,0,4,4,1.0
2057996,19314,Senegal,133897,K. N'Diaye,5758.2,0,0,0,0,0,0,0,0,0,0,0,0,16,10,0.62
2057996,19314,Senegal,375348,M. Wagué,5758.2,0,0,0,0,0,0,0,0,1,0,0,0,33,27,0.82
2057996,19314,Senegal,448079,I. Sarr,5758.2,0,0,0,0,0,0,0,0,2,0,0,0,26,20,0.77
2057956,14358,Russia,4513,D. Cheryshev,4382.6,1,0,0,4,1,1,3,0,0,0,0,0,28,21,0.75
2057956,14358,Russia,41123,Mário Fernandes,5645.9,0,1,0,0,0,0,0,0,0,0,0,0,41,36,0.88
2057956,14358,Russia,101576,I. Akinfeev,5645.9,0,0,0,0,0,0,0,0,0,0,0,0,10,7,0.7
2057956,14358,Russia,101583,S. Ignashevich,5645.9,0,0,0,2,2,0,0,2,0,0,0,0,27,21,0.78
2057956,14358,Russia,101647,F. Kudryashov,543.3,0,0,0,0,0,0,0,0,1,0,0,0,3,3,1.0
2057956,14358,Russia,101669,A. Dzyuba,4682.6,1,0,0,2,1,1,0,1,3,0,0,0,19,16,0.84
2057956,14358,Russia,101699,A. Samedov,5645.9,0,0,0,0,0,0,0,0,2,0,0,0,51,44,0.86
2057956,14358,Russia,101707,F. Smolov,963.3,0,0,0,0,0,0,0,0,1,0,1,0,7,6,0.86
2057956,14358,Russia,101857,Y. Zhirkov,5102.6,0,0,0,0,0,0,0,0,0,0,0,0,37,23,0.62
2057956,14358,Russia,102157,Y. Gazinskiy,5645.9,0,0,0,1,0,1,0,0,0,0,0,0,52,44,0.85
2057956,14358,Russia,103668,I. Kutepov,5645.9,0,1,0,0,0,0,0,0,1,0,0,0,20,14,0.7
2057956,14358,Russia,103682,R. Zobnin,5645.9,0,0,0,2,0,1,1,0,2,0,0,0,45,37,0.82
2057956,14358,Russia,220971,D. Kuzyaev,1263.3,0,0,0,0,0,0,0,0,0,0,0,0,13,13,1.0
2057956,14358,Russia,257800,A. Golovin,5645.9,0,0,0,1,0,1,0,0,0,0,0,0,42,32,0.76
2057956,16129,Egypt,119932,Mahmoud Kahraba,783.3,0,0,0,0,0,0,0,0,0,0,0,0,2,2,1.0
2057956,16129,Egypt,119951,Ahmed Hegazy,5645.9,0,0,0,0,0,0,0,0,1,0,0,0,41,35,0.85
2057956,16129,Egypt,119975,Mohamed Abdel-Shafi,5645.9,0,0,0,0,0,0,0,0,1,0,0,0,57,49,0.86
2057956,16129,Egypt,120000,Mohamed El Shenawy,5645.9,0,0,0,0,0,0,0,0,0,0,0,0,12,9,0.75
2057956,16129,Egypt,120156,Ahmed Fathy,5645.9,0,0,1,0,0,0,0,0,1,0,0,0,55,47,0.85
2057956,16129,Egypt,120167,Abdallah Said,5645.9,0,0,0,1,0,1,0,0,0,0,0,0,62,54,0.87
2057956,16129,Egypt,120225,Marwan Mohsen,4862.6,0,0,0,3,0,0,0,3,2,0,0,0,13,9,0.69
2057956,16129,Egypt,120339,Mohamed Elneny,3782.6,0,0,0,0,0,0,0,0,0,0,0,0,23,20,0.87
2057956,16129,Egypt,120353,Mohamed Salah,5645.9,1,0,0,4,1,0,4,0,0,0,0,0,23,18,0.78
2057956,16129,Egypt,198120,Ali Gabr,5645.9,0,0,0,1,0,0,0,1,1,0,0,0,29,27,0.93
2057956,16129,Egypt,220112,Trézéguet,4022.6,0,0,0,3,0,3,0,0,3,0,1,0,27,19,0.7
2057956,16129,Egypt,332605,Ramadan Sobhi,1623.3,0,0,0,0,0,0,0,0,0,0,0,0,11,10,0.91
2057956,16129,Egypt,388928,Amr Warda,1863.3,0,0,0,1,0,0,1,0,0,0,0,0,17,11,0.65
2057956,16129,Egypt,437417,Tarek Hamed,5645.9,0,0,0,0,0,0,0,0,1,0,0,0,55,45,0.82
2057962,9905,Portugal,3305,Pepe,5888.2,0,0,0,0,0,0,0,0,0,0,0,0,39,29,0.74
2057962,9905,Portugal,3322,Cristiano Ronaldo,5888.2,1,0,0,6,1,5,0,1,0,1,0,0,21,15,0.71
2057962,9905,Portugal,8126,José Fonte,5888.2,0,0,0,0,0,0,0,0,2,0,0,0,33,27,0.82
2057962,9905,Portugal,28907,Raphaël Guerreiro,5888.2,0,0,0,1,0,0,1,0,3,0,0,0,38,34,0.89
2057962,9905,Portugal,37762,William Carvalho,5888.2,0,0,0,0,0,0,0,0,2,0,0,0,51,43,0.84
2057962,9905,Portugal,70093,João Moutinho,5462.9,0,1,0,0,0,0,0,0,5,0,0,0,36,33,0.92
2057962,9905,Portugal,70134,Rui Patrício,5888.2,0,0,0,0,0,0,0,0,0,0,0,0,24,20,0.83
2057962,9905,Portugal,70389,Cédric Soares,5888.2,0,0,0,0,0,0,0,0,3,0,0,0,44,30,0.68
2057962,9905,Portugal,70403,Adrien Silva,425.2,0,0,0,0,0,0,0,0,1,0,1,0,5,2,0.4
2057962,9905,Portugal,70965,João Mário,4322.9,0,0,0,0,0,0,0,0,3,0,0,0,24,19,0.79
2057962,9905,Portugal,227059,Gelson Martins,2225.2,0,0,0,0,0,0,0,0,0,0,0,0,9,8,0.89
2057962,9905,Portugal,237034,Gonçalo Guedes,5888.2,0,0,0,1,1,1,0,0,0,0,0,0,18,16,0.89
2057962,9905,Portugal,243588,Bruno Fernandes,1565.2,0,0,0,2,0,2,0,0,0,0,0,0,14,10,0.71
2057962,9905,Portugal,265673,Bernardo Silva,3662.9,0,0,0,0,0,0,0,0,0,0,0,0,24,14,0.58
2057962,16216,Morocco,142,K. El Ahmadi,5282.9,0,0,0,1,0,1,0,0,3,0,0,0,50,43,0.86
2057962,16216,Morocco,6509,Munir,5888.2,0,0,0,0,0,0,0,0,0,0,0,0,16,15,0.94
2057962,16216,Morocco,20579,M. Benatia,5888.2,0,0,0,4,1,0,2,2,4,0,1,0,34,27,0.79
2057962,16216,Morocco,25888,F. Fajr,605.2,0,0,0,0,0,0,0,0,1,0,0,0,13,12,0.92
2057962,16216,Morocco,25998,Y. Belhanda,4622.9,0,0,0,3,2,1,0,2,2,0,0,0,45,34,0.76
2057962,16216,Morocco,29625,K. Boutaïb,4272.9,0,0,0,1,0,0,0,1,2,1,0,0,14,11,0.79
2057962,16216,Morocco,32968,N. Amrabat,5888.2,0,0,0,0,0,0,0,0,1,0,0,0,34,26,0.76
2057962,16216,Morocco,101620,M. da Costa,5888.2,0,0,0,1,0,0,0,1,0,0,0,0,44,36,0.82
2057962,16216,Morocco,101846,M. Boussoufa,5888.2,0,0,0,1,0,0,0,1,3,0,0,0,59,52,0.88
2057962,16216,Morocco,101847,M. Carcela-González,1265.2,0,0,0,0,0,0,0,0,1,0,0,0,8,5,0.62
2057962,16216,Morocco,149074,N. Dirar,5888.2,0,0,0,1,0,1,0,0,2,0,0,0,52,48,0.92
2057962,16216,Morocco,221039,H. Ziyech,5888.2,0,0,0,4,1,1,3,0,2,0,0,0,48,39,0.81
2057962,16216,Morocco,396475,A. Hakimi,5888.2,0,0,0,0,0,0,0,0,1,0,0,0,44,32,0.73
2057962,16216,Morocco,552555,A. El Kaabi,1615.2,0,0,0,0,0,0,0,0,0,0,0,0,2,2,1.0
2057957,15670,Uruguay,3433,D. Godín,5762.8,0,0,0,0,0,0,0,0,1,1,0,0,44,40,0.91
2057957,15670,Uruguay,7972,L. Suárez,5762.8,1,0,0,5,2,2,3,0,3,0,0,0,23,16,0.7
2057957,15670,Uruguay,20460,M. Cáceres,5762.8,0,0,0,2,0,1,0,1,0,0,0,0,47,40,0.85
2057957,15670,Uruguay,21174,E. Cavani,5762.8,0,0,0,4,1,2,1,1,1,0,0,0,24,18,0.75
2057957,15670,Uruguay,32641,F. Muslera,5762.8,0,0,0,0,0,0,0,0,0,0,0,0,17,15,0.88
2057957,15670,Uruguay,70095,C. Rodríguez,3604.9,0,0,0,0,0,0,0,0,1,0,0,0,21,13,0.62
2057957,15670,Uruguay,86340,C. Sánchez,4984.9,0,1,0,2,1,1,0,1,1,0,0,0,30,23,0.77
2057957,15670,Uruguay,116166,G. Varela,5762.8,0,0,0,0,0,0,0,0,0,0,0,0,38,35,0.92
2057957,15670,Uruguay,116269,D. Laxalt,2157.8,0,0,0,0,0,0,0,0,0,0,0,0,13,11,0.85
2057957,15670,Uruguay,116349,M. Vecino,3604.9,0,0,0,0,0,0,0,0,2,0,0,0,60,53,0.88
2057957,15670,Uruguay,227894,J. Giménez,5762.8,0,0,0,0,0,0,0,0,1,0,0,0,59,58,0.98
2057957,15670,Uruguay,299618,N. Nández,777.8,0,0,0,0,0,0,0,0,0,0,0,0,11,10,0.91
2057957,15670,Uruguay,333571,L. Torreira,2157.8,0,0,0,1,0,1,0,0,0,0,0,0,18,17,0.94
2057957,15670,Uruguay,361807,R. Bentancur,5762.8,0,0,0,0,0,0,0,0,0,0,0,0,74,66,0.89
2057957,16521,Saudi Arabia,122577,Taisir Al Jassim,2640.0,0,0,0,0,0,0,0,0,0,0,0,0,31,28,0.9
2057957,16521,Saudi Arabia,122615,Hattan Bahbir,4564.9,0,0,0,2,1,1,1,0,0,0,0,0,32,27,0.84
2057957,16521,Saudi Arabia,122623,Fahad Al Muwallad,4744.9,0,0,0,1,0,1,0,0,1,2,0,0,4,3,0.75
2057957,16521,Saudi Arabia,122671,Mohammad Al Sahlawi,1017.8,0,0,0,0,0,0,0,0,0,0,0,0,4,4,1.0
2057957,16521,Saudi Arabia,122832,Salem Al Dawsari,5762.8,0,0,0,1,0,1,0,0,4,0,0,0,62,54,0.87
2057957,16521,Saudi Arabia,122839,Osama Hawsawi,5762.8,0,0,0,0,0,0,0,0,1,0,0,0,35,31,0.89
2057957,16521,Saudi Arabia,122847,Salman Al Faraj,5762.8,0,0,0,0,0,0,0,0,1,0,0,0,80,72,0.9
2057957,16521,Saudi Arabia,122918,Hussain Al Mogahwi,3122.8,0,0,0,0,0,0,0,0,1,0,0,0,34,32,0.94
2057957,16521,Saudi Arabia,122940,Yasir Al Shahrani,5762.8,0,0,0,2,1,2,0,0,3,0,0,0,48,43,0.9
2057957,16521,Saudi Arabia,139393,Abdullah Otayf,5762.8,0,0,0,0,0,0,0,0,1,0,0,0,91,82,0.9
2057957,16521,Saudi Arabia,248328,Mohammed Al Owais,5762.8,0,0,0,0,0,0,0,0,0,0,0,0,19,15,0.79
2057957,16521,Saudi Arabia,284147,Mohammed Kanno,1197.8,0,0,0,1,1,0,0,1,1,0,0,0,6,5,0.83
2057957,16521,Saudi Arabia,292954,Mohammed Al Burayk,5762.8,0,0,0,1,0,1,0,0,0,0,0,0,73,58,0.79
2057957,16521,Saudi Arabia,398219,Ali Al Bulayhi,5762.8,0,0,0,0,0,0,0,0,0,0,0,0,42,35,0.83
2057963,1598,Spain,3269,Jordi Alba,5831.2,0,0,0,0,0,0,0,0,1,0,0,0,84,78,0.93
2057963,1598,Spain,3306,Sergio Ramos,5831.2,0,0,0,2,0,2,0,0,1,0,0,0,94,89,0.95
2057963,1598,Spain,3341,Piqué,5831.2,0,0,0,1,0,1,0,0,0,0,0,0,70,62,0.89
2057963,1598,Spain,3346,Sergio Busquets,5831.2,0,0,0,1,1,1,0,0,2,0,0,0,94,88,0.94
2057963,1598,Spain,3353,Iniesta,4388.8,0,0,0,0,0,0,0,0,3,0,0,0,81,66,0.81
2057963,1598,Spain,3443,Koke,1442.4,0,0,0,0,0,0,0,0,0,0,0,0,31,29,0.94
2057963,1598,Spain,3563,Isco,5831.2,0,0,0,4,0,4,0,0,0,1,0,0,105,93,0.89
2057963,1598,Spain,4338,Diego Costa,5468.8,1,0,0,1,1,1,0,0,2,0,0,0,13,11,0.85
2057963,1598,Spain,4498,Lucas Vázquez,4928.8,0,0,0,0,0,0,0,0,2,0,0,0,35,25,0.71
2057963,1598,Spain,4501,Daniel Carvajal,5831.2,0,0,0,1,0,1,0,0,2,0,0,0,61,57,0.93
2057963,1598,Spain,7910,David de Gea,5831.2,0,0,0,0,0,0,0,0,0,0,0,0,17,17,1.0
2057963,1598,Spain,8317,David Silva,5831.2,0,0,0,5,1,0,5,0,1,0,0,0,76,70,0.92
2057963,1598,Spain,70129,Rodrigo,362.4,0,0,0,0,0,0,0,0,0,0,0,0,1,1,1.0
2057963,1598,Spain,288091,Marco Asensio,902.4,0,0,0,0,0,0,0,0,0,0,0,0,9,6,0.67
2057963,10840,Iran,53562,S. Ghoddos,542.4,0,0,0,0,0,0,0,0,1,0,0,0,0,0,0.0
2057963,10840,Iran,78991,O. Ebrahimi,5831.2,0,0,0,0,0,0,0,0,4,0,1,0,22,18,0.82
2057963,10840,Iran,79006,S. Azmoun,5831.2,0,0,0,0,0,0,0,0,4,0,0,0,10,5,0.5
2057963,10840,Iran,79098,R. Rezaeian,5831.2,0,0,0,0,0,0,0,0,0,0,0,0,24,17,0.71
2057963,10840,Iran,79149,K. Ansarifard,4568.8,0,0,0,2,0,1,1,0,1,0,0,0,13,8,0.62
2057963,10840,Iran,79248,E. Hajsafi,4268.8,0,0,0,0,0,0,0,0,0,0,0,0,17,15,0.88
2057963,10840,Iran,79320,M. Taremi,5831.2,0,0,0,2,0,0,0,2,1,0,0,0,19,12,0.63
2057963,10840,Iran,79381,A. Jahanbakhsh,1262.4,0,0,0,0,0,0,0,0,0,0,0,0,6,4,0.67
2057963,10840,Iran,79449,M. Pouraliganji,5831.2,0,0,0,0,0,0,0,0,0,0,0,0,17,14,0.82
2057963,10840,Iran,237836,V. Amiri,5288.8,0,0,0,1,0,0,1,0,1,1,1,0,21,17,0.81
2057963,10840,Iran,238031,A. Beiranvand,5831.2,0,0,0,0,0,0,0,0,0,0,0,0,13,9,0.69
2057963,10840,Iran,241647,S. Ezatolahi,5831.2,0,0,0,0,0,0,0,0,1,1,0,0,23,18,0.78
2057963,10840,Iran,285538,M. Hosseini,5831.2,0,0,0,0,0,0,0,0,1,0,0,0,18,14,0.78
2057963,10840,Iran,333803,M. Mohammadi,1562.4,0,0,0,0,0,0,0,0,0,0,0,0,9,5,0.56
2057969,7712,Denmark,54,C. Eriksen,5711.1,1,0,0,2,1,1,1,0,0,0,0,0,40,31,0.78
2057969,7712,Denmark,405,L. Schöne,5711.1,0,0,0,0,0,0,0,0,0,0,0,0,56,54,0.96
2057969,7712,Denmark,8480,K. Schmeichel,5711.1,0,0,0,0,0,0,0,0,0,0,0,0,12,11,0.92
2057969,7712,Denmark,15080,N. Jørgensen,4143.7,0,1,0,1,0,0,0,1,0,0,0,0,15,13,0.87
2057969,7712,Denmark,20433,S. Kjær,5711.1,0,0,0,0,0,0,0,0,0,0,0,0,68,62,0.91
2057969,7712,Denmark,55968,M. Braithwaite,2107.4,0,0,0,1,1,0,1,0,1,1,0,0,5,4,0.8
2057969,7712,Denmark,55990,T. Delaney,5711.1,0,0,0,1,0,0,0,1,2,0,0,0,42,37,0.88
2057969,7712,Denmark,56026,J. Stryger Larsen,5711.1,0,0,0,1,1,0,0,1,1,0,0,0,33,29,0.88
2057969,7712,Denmark,56274,Y. Poulsen,3603.7,0,0,0,0,0,0,0,0,1,0,1,0,11,9,0.82
2057969,7712,Denmark,56394,H. Dalsgaard,5711.1,0,0,0,0,0,0,0,0,2,0,0,0,40,31,0.78
2057969,7712,Denmark,135103,A. Christensen,5711.1,0,0,0,0,0,0,0,0,0,0,0,0,72,69,0.96
2057969,7712,Denmark,135150,A. Cornelius,1567.4,0,0,0,1,1,0,0,1,0,0,0,0,5,3,0.6
2057969,7712,Denmark,241945,P. Sisto,5711.1,0,0,0,3,1,2,1,0,1,0,1,0,39,37,0.95
2057969,8493,Australia,8410,M. Jedinak,5711.1,1,0,0,1,1,1,0,0,1,0,0,0,58,49,0.84
2057969,8493,Australia,15020,M. Leckie,5711.1,0,0,0,5,1,0,2,3,0,0,0,0,27,19,0.7
2057969,8493,Australia,16151,R. Kruse,4143.7,0,0,0,1,0,1,0,0,1,0,0,0,28,21,0.75
2057969,8493,Australia,61367,J. Risdon,5711.1,0,0,0,0,0,0,0,0,0,0,0,0,40,30,0.75
2057969,8493,Australia,61390,M. Ryan,5711.1,0,0,0,0,0,0,0,0,0,0,0,0,33,32,0.97
2057969,8493,Australia,61395,T. Sainsbury,5711.1,0,0,0,0,0,0,0,0,0,0,0,0,54,52,0.96
2057969,8493,Australia,61407,T. Rogić,4983.7,0,0,0,3,1,0,3,0,0,0,0,0,25,20,0.8
2057969,8493,Australia,61425,M. Milligan,5711.1,0,0,0,0,0,0,0,0,1,0,0,0,87,85,0.98
2057969,8493,Australia,61651,A. Behich,5711.1,0,0,0,0,0,0,0,0,0,0,0,0,62,51,0.82
2057969,8493,Australia,62389,A. Mooy,5711.1,0,0,0,2,0,1,1,0,2,0,0,0,51,45,0.88
2057969,8493,Australia,62743,J. Irvine,727.4,0,0,0,0,0,0,0,0,0,0,0,0,3,2,0.67
2057969,8493,Australia,69978,T. Jurić,1147.4,0,0,0,0,0,0,0,0,0,0,0,0,4,2,0.5
2057969,8493,Australia,238055,A. Nabbout,4563.7,0,0,0,0,0,0,0,0,0,0,0,0,11,10,0.91
2057969,8493,Australia,403613,D. Arzani,1567.4,0,0,0,1,1,1,0,0,0,0,0,0,7,6,0.86
2057968,4418,France,3309,R. Varane,5789.7,0,0,0,1,0,0,0,1,0,0,0,0,40,36,0.9
2057968,4418,France,3682,A. Griezmann,4862.7,0,0,0,2,1,2,0,0,0,0,0,0,32,24,0.75
2057968,4418,France,7936,P. Pogba,5402.7,0,0,0,1,0,1,0,0,2,0,1,0,59,47,0.8
2057968,4418,France,25381,H. Lloris,5789.7,0,0,0,0,0,0,0,0,0,0,0,0,15,14,0.93
2057968,4418,France,25397,S. Umtiti,5789.7,0,0,0,0,0,0,0,0,1,0,0,0,27,24,0.89
2057968,4418,France,25437,B. Matuidi,5789.7,0,0,0,1,0,0,1,0,4,0,1,0,33,25,0.76
2057968,4418,France,26010,O. Giroud,5789.7,0,0,0,2,0,0,2,0,1,0,0,0,18,13,0.72
2057968,4418,France,28115,N. Fekir,927.0,0,0,0,0,0,0,0,0,0,0,0,0,4,3,0.75
2057968,4418,France,31528,N. Kanté,5789.7,0,0,0,0,0,0,0,0,1,0,0,0,50,46,0.92
2057968,4418,France,279545,L. Hernández,5789.7,0,0,0,2,1,0,2,0,0,0,0,0,26,24,0.92
2057968,4418,France,286390,O. Dembélé,1287.0,0,0,0,1,0,0,1,0,0,0,0,0,8,5,0.62
2057968,4418,France,340646,B. Pavard,5789.7,0,0,0,0,0,0,0,0,2,0,0,0,43,34,0.79
2057968,4418,France,353833,K. Mbappé,4502.7,1,0,0,2,2,2,0,0,0,0,0,0,31,22,0.71
2057968,15594,Peru,14872,J. Farfán,2967.0,0,0,0,1,0,0,1,0,3,0,0,0,15,13,0.87
2057968,15594,Peru,14909,P. Guerrero,5789.7,0,0,0,2,2,1,1,0,2,1,1,0,22,14,0.64
2057968,15594,Peru,70144,A. Rodríguez,2822.7,0,0,0,0,0,0,0,0,1,0,0,0,25,24,0.96
2057968,15594,Peru,70156,A. Carrillo,5789.7,0,0,0,1,0,1,0,0,2,0,0,0,41,32,0.78
2057968,15594,Peru,89571,R. Ruidíaz,807.0,0,0,0,0,0,0,0,0,0,0,0,0,1,1,1.0
2057968,15594,Peru,114617,C. Ramos,5789.7,0,0,0,0,0,0,0,0,0,0,0,0,46,38,0.83
2057968,15594,Peru,114709,L. Advíncula,5789.7,0,0,0,1,0,0,1,0,0,0,0,0,50,43,0.86
2057968,15594,Peru,114723,Y. Yotún,2822.7,0,0,0,1,0,0,1,0,1,0,0,0,33,29,0.88
2057968,15594,Peru,114762,É. Flores,5789.7,0,0,0,2,0,0,2,0,2,0,0,0,54,43,0.8
2057968,15594,Peru,114798,P. Gallese,5789.7,0,0,0,0,0,0,0,0,0,0,0,0,13,12,0.92
2057968,15594,Peru,114813,C. Cueva,4982.7,0,0,0,1,0,1,0,0,0,0,0,0,43,37,0.86
2057968,15594,Peru,115146,M. Trauco,5789.7,0,0,0,0,0,0,0,0,1,0,0,0,64,50,0.78
2057968,15594,Peru,115353,A. Santamaría,2967.0,0,0,0,0,0,0,0,0,0,0,0,0,35,33,0.94
2057968,15594,Peru,139078,P. Aquino,5789.7,0,0,0,1,0,1,0,0,3,0,1,0,65,59,0.91
2057974,9598,Croatia,3476,I. Rakitić,5772.0,1,0,0,4,2,4,0,0,1,1,0,0,34,25,0.74
2057974,9598,Croatia,8287,L. Modrić,5772.0,1,0,0,2,1,2,0,0,3,0,0,0,41,34,0.83
2057974,9598,Croatia,14771,V. Ćorluka,185.3,0,0,0,0,0,0,0,0,1,0,1,0,2,2,1.0
2057974,9598,Croatia,14812,I. Perišić,4906.7,0,0,0,1,1,0,1,0,1,1,0,0,13,7,0.54
2057974,9598,Croatia,14943,M. Mandžukić,5586.7,0,0,0,3,0,1,1,1,4,0,1,0,19,14,0.74
2057974,9598,Croatia,25393,D. Lovren,5772.0,0,0,0,0,0,0,0,0,0,0,0,0,38,37,0.97
2057974,9598,Croatia,69396,D. Vida,5772.0,0,0,0,0,0,0,0,0,0,0,0,0,33,22,0.67
2057974,9598,Croatia,69404,M. Kovačić,865.3,0,1,0,1,0,0,0,1,1,0,0,0,6,6,1.0
2057974,9598,Croatia,69409,Š. Vrsaljko,5772.0,0,0,0,0,0,0,0,0,2,0,1,0,30,23,0.77
2057974,9598,Croatia,69411,A. Kramarić,2285.3,0,0,0,0,0,0,0,0,0,1,0,0,7,6,0.86
2057974,9598,Croatia,69616,A. Rebić,3486.7,1,0,0,2,1,2,0,0,5,0,1,0,8,4,0.5
2057974,9598,Croatia,69968,M. Brozović,5772.0,0,0,0,1,0,1,0,0,1,0,0,0,57,50,0.88
2057974,9598,Croatia,105361,I. Strinić,5772.0,0,0,0,0,0,0,0,0,3,0,0,0,33,22,0.67
2057974,9598,Croatia,135747,D. Subašić,5772.0,0,0,0,0,0,0,0,0,0,0,0,0,24,20,0.83
2057974,12274,Argentina,3323,G. Higuaín,2465.3,0,0,0,1,1,1,0,0,0,0,0,0,6,6,1.0
2057974,12274,Argentina,3355,J. Mascherano,5772.0,0,0,0,0,0,0,0,0,3,0,0,0,61,54,0.89
2057974,12274,Argentina,3359,L. Messi,5772.0,0,0,0,1,0,0,1,0,2,0,0,0,31,26,0.84
2057974,12274,Argentina,3445,E. Salvio,3426.7,0,0,0,0,0,0,0,0,0,0,0,0,17,14,0.82
2057974,12274,Argentina,3551,W. Caballero,5772.0,0,0,0,0,0,0,0,0,0,0,0,0,34,24,0.71
2057974,12274,Argentina,8325,S. Agüero,3306.7,0,0,0,1,1,0,1,0,0,2,0,0,11,9,0.82
2057974,12274,Argentina,70086,N. Otamendi,5772.0,0,0,0,1,0,0,0,1,3,0,1,0,68,65,0.96
2057974,12274,Argentina,86220,G. Mercado,5772.0,0,0,0,0,0,0,0,0,3,0,1,0,44,36,0.82
2057974,12274,Argentina,86234,E. Pérez,4156.7,0,0,0,1,0,0,1,0,1,0,0,0,45,41,0.91
2057974,12274,Argentina,86722,N. Tagliafico,5772.0,0,0,0,0,0,0,0,0,3,0,0,0,80,69,0.86
2057974,12274,Argentina,89073,M. Acuña,5772.0,0,0,0,1,0,0,1,0,1,0,1,0,34,20,0.59
2057974,12274,Argentina,89186,P. Dybala,1615.3,0,0,0,1,0,0,1,0,0,0,0,0,11,8,0.73
2057974,12274,Argentina,146459,M. Meza,5772.0,0,0,0,3,1,1,2,0,1,1,0,0,43,33,0.77
2057974,12274,Argentina,285396,C. Pavón,2345.3,0,0,0,0,0,0,0,0,0,0,0,0,10,5,0.5
2057980,6380,Brazil,3310,Marcelo,5947.8,0,0,0,3,1,1,2,0,0,0,0,0,108,96,0.89
2057980,6380,Brazil,3431,João Miranda,5947.8,0,0,0,0,0,0,0,0,3,0,0,0,58,58,1.0
2057980,6380,Brazil,3802,Philippe Coutinho,5947.8,1,0,0,6,3,6,0,0,1,0,1,0,85,79,0.93
2057980,6380,Brazil,15808,Roberto Firmino,1864.0,0,0,0,1,0,1,0,0,0,0,0,0,10,9,0.9
2057980,6380,Brazil,20394,Thiago Silva,5947.8,0,0,0,1,0,0,0,1,0,0,0,0,87,81,0.93
2057980,6380,Brazil,40550,Paulinho,4083.9,0,0,0,0,0,0,0,0,1,0,0,0,38,37,0.97
2057980,6380,Brazil,40707,Fágner,5947.8,0,0,0,0,0,0,0,0,0,0,0,0,82,77,0.94
2057980,6380,Brazil,40756,Casemiro,5947.8,0,0,0,2,2,1,0,1,0,0,0,0,87,77,0.89
2057980,6380,Brazil,40810,Neymar,5947.8,1,0,0,5,3,3,2,0,5,2,1,0,54,47,0.87
2057980,6380,Brazil,105333,Willian,2763.9,0,0,0,1,0,0,1,0,1,0,0,0,24,21,0.88
2057980,6380,Brazil,105334,Douglas Costa,3184.0,0,1,0,0,0,0,0,0,0,0,0,0,29,25,0.86
2057980,6380,Brazil,105339,Fernandinho,364.0,0,0,0,0,0,0,0,0,0,0,0,0,9,9,1.0
2057980,6380,Brazil,214220,Alisson,5947.8,0,0,0,0,0,0,0,0,0,0,0,0,16,16,1.0
2057980,6380,Brazil,340386,Gabriel Jesus,5583.9,0,1,0,2,0,1,0,1,2,1,0,0,18,15,0.83
2057980,16871,Costa Rica,3915,K. Navas,5947.8,0,0,0,0,0,0,0,0,0,0,0,0,31,21,0.68
2057980,16871,Costa Rica,11155,B. Ruiz,5947.8,0,0,0,0,0,0,0,0,2,0,0,0,36,27,0.75
2057980,16871,Costa Rica,51004,C. Borges,5947.8,0,0,0,1,0,1,0,0,0,0,0,0,31,27,0.87
2057980,16871,Costa Rica,55977,C. Gamboa,4503.9,0,0,0,1,0,1,0,0,1,0,0,0,24,16,0.67
2057980,16871,Costa Rica,55982,B. Oviedo,5947.8,0,0,0,0,0,0,0,0,1,0,0,0,23,18,0.78
2057980,16871,Costa Rica,55988,C. Bolaños,2704.0,0,0,0,0,0,0,0,0,0,0,0,0,8,4,0.5
2057980,16871,Costa Rica,101796,M. Ureña,3243.9,0,0,0,0,0,0,0,0,1,2,0,0,13,8,0.62
2057980,16871,Costa Rica,125250,Ó. Duarte,5947.8,0,0,0,1,0,1,0,0,2,0,0,0,20,16,0.8
2057980,16871,Costa Rica,125260,D. Guzmán,4983.9,0,0,0,0,0,0,0,0,2,0,0,0,27,20,0.74
2057980,16871,Costa Rica,125268,Y. Tejeda,964.0,0,0,0,0,0,0,0,0,0,0,0,0,5,3,0.6
2057980,16871,Costa Rica,125284,J. Acosta,5947.8,0,0,0,0,0,0,0,0,1,0,1,0,22,19,0.86
2057980,16871,Costa Rica,125286,G. González,5947.8,0,0,0,0,0,0,0,0,0,0,0,0,16,14,0.88
2057980,16871,Costa Rica,125452,J. Venegas,5947.8,0,0,0,0,0,0,0,0,2,1,0,0,21,16,0.76
2057980,16871,Costa Rica,125512,F. Calvo,1444.0,0,0,0,0,0,0,0,0,0,0,0,0,4,3,0.75
2057975,7839,Iceland,37948,A. Finnbogason,5891.8,0,0,0,2,1,0,2,0,1,0,0,0,17,15,0.88
2057975,7839,Iceland,38084,B. Bjarnason,5891.8,0,0,0,2,0,1,1,0,1,0,0,0,20,17,0.85
2057975,7839,Iceland,51127,A. Skúlason,589.3,0,0,0,0,0,0,0,0,0,0,0,0,4,4,1.0
2057975,7839,Iceland,54451,B. Sævarsson,5891.8,0,0,0,0,0,0,0,0,0,0,0,0,33,25,0.76
2057975,7839,Iceland,54495,B. Sigurðarson,1569.3,0,0,0,0,0,0,0,0,0,0,0,0,8,5,0.62
2057975,7839,Iceland,55983,R. Sigurðsson,3962.5,0,0,0,0,0,0,0,0,1,0,0,0,16,9,0.56
2057975,7839,Iceland,56146,R. Gíslason,5891.8,0,0,0,1,0,1,0,0,2,0,0,0,25,18,0.72
2057975,7839,Iceland,57226,H. Halldórsson,5891.8,0,0,0,0,0,0,0,0,0,0,0,0,18,13,0.72
2057975,7839,Iceland,57347,S. Ingason,1929.3,0,0,0,1,0,0,0,1,1,0,0,0,9,8,0.89
2057975,7839,Iceland,58105,J. Böðvarsson,4322.5,0,0,0,0,0,0,0,0,0,0,0,0,13,10,0.77
2057975,7839,Iceland,62221,K. Árnason,5891.8,0,0,0,0,0,0,0,0,1,0,0,0,26,22,0.85
2057975,7839,Iceland,77521,A. Gunnarsson,5302.5,0,0,0,0,0,0,0,0,0,0,0,0,33,27,0.82
2057975,7839,Iceland,77558,G. Sigurðsson,5891.8,0,0,0,3,2,3,0,0,1,0,0,0,44,35,0.8
2057975,7839,Iceland,135207,H. Magnússon,5891.8,0,0,0,0,0,0,0,0,2,0,0,0,31,20,0.65
2057975,16823,Nigeria,12,K. Omeruo,5891.8,0,0,0,0,0,0,0,0,1,0,0,0,40,30,0.75
2057975,16823,Nigeria,5295,O. Ighalo,729.3,0,0,0,0,0,0,0,0,0,0,0,0,3,3,1.0
2057975,16823,Nigeria,7898,J. Obi Mikel,5891.8,0,0,0,0,0,0,0,0,1,0,0,0,68,59,0.87
2057975,16823,Nigeria,8625,V. Moses,5891.8,0,1,0,3,0,2,1,0,0,0,0,0,45,37,0.82
2057975,16823,Nigeria,11093,W. Troost-Ekong,5891.8,0,0,0,2,0,0,1,1,0,0,0,0,38,33,0.87
2057975,16823,Nigeria,16443,L. Balogun,5891.8,0,0,0,1,0,0,0,1,0,0,0,0,53,47,0.89
2057975,16823,Nigeria,101606,A. Musa,5891.8,2,0,0,3,2,3,0,0,2,1,0,0,24,21,0.88
2057975,16823,Nigeria,209792,B. Idowu,2822.5,0,0,0,0,0,0,0,0,2,0,1,0,17,16,0.94
2057975,16823,Nigeria,230020,A. Iwobi,429.3,0,0,0,1,0,0,1,0,0,0,0,0,2,2,1.0
2057975,16823,Nigeria,265366,W. Ndidi,5891.8,0,0,0,2,1,2,0,0,1,0,0,0,67,57,0.85
2057975,16823,Nigeria,285491,F. Uzoho,5891.8,0,0,0,0,0,0,0,0,0,0,0,0,14,11,0.79
2057975,16823,Nigeria,285508,K. Iheanacho,5162.5,0,0,0,2,0,0,2,0,0,0,0,0,32,26,0.81
2057975,16823,Nigeria,332821,T. Ebuehi,3069.3,0,0,0,0,0,0,0,0,1,0,0,0,22,21,0.95
2057975,16823,Nigeria,424624,O. Etebo,5462.5,0,0,0,2,1,2,0,0,1,0,0,0,44,38,0.86
2057981,6697,Switzerland,14922,R. Rodríguez,5867.0,0,0,0,2,0,1,1,0,2,0,0,0,38,32,0.84
2057981,6697,Switzerland,15199,M. Gavranović,3048.7,0,0,0,1,1,1,0,0,0,1,0,0,6,5,0.83
2057981,6697,Switzerland,20465,S. Lichtsteiner,5867.0,0,0,0,1,0,1,0,0,0,0,0,0,37,29,0.78
2057981,6697,Switzerland,20766,H. Seferović,2818.3,0,0,0,0,0,0,0,0,1,1,0,0,3,1,0.33
2057981,6697,Switzerland,20938,V. Behrami,5867.0,0,0,0,0,0,0,0,0,3,0,0,0,60,59,0.98
2057981,6697,Switzerland,21169,B. Džemaili,4438.3,0,0,0,2,1,1,1,0,2,0,0,0,16,14,0.88
2057981,6697,Switzerland,49855,Y. Sommer,5867.0,0,0,0,0,0,0,0,0,0,0,0,0,30,23,0.77
2057981,6697,Switzerland,49872,X. Shaqiri,5867.0,1,0,0,7,1,0,7,0,3,0,1,0,46,40,0.87
2057981,6697,Switzerland,49876,G. Xhaka,5867.0,1,0,0,2,1,0,2,0,0,0,0,0,90,82,0.91
2057981,6697,Switzerland,49997,S. Zuber,5867.0,0,0,0,0,0,0,0,0,0,1,0,0,36,28,0.78
2057981,6697,Switzerland,50102,F. Schär,5867.0,0,0,0,1,0,0,0,1,1,0,0,0,67,59,0.88
2057981,6697,Switzerland,282772,B. Embolo,1428.7,0,0,0,1,1,1,0,0,0,0,0,0,8,5,0.62
2057981,6697,Switzerland,297957,M. Akanji,5867.0,0,0,0,2,0,0,1,1,1,0,0,0,67,62,0.93
2057981,17322,Serbia,383,D. Tadić,5867.0,0,1,0,2,1,1,1,0,0,0,0,0,25,19,0.76
2057981,17322,Serbia,7891,B. Ivanović,5867.0,0,0,0,0,0,0,0,0,0,0,0,0,26,22,0.85
2057981,17322,Serbia,8306,A. Kolarov,5867.0,0,0,0,0,0,0,0,0,2,0,0,0,27,19,0.7
2057981,17322,Serbia,20941,A. Ljajić,1938.7,0,0,0,1,0,1,0,0,0,0,0,0,11,10,0.91
2057981,17322,Serbia,70122,N. Matić,5867.0,0,0,0,1,0,1,0,0,2,0,1,0,32,27,0.84
2057981,17322,Serbia,127530,D. Tošić,5867.0,0,0,0,0,0,0,0,0,3,0,0,0,39,34,0.87
2057981,17322,Serbia,127537,L. Milivojević,4918.3,0,0,0,0,0,0,0,0,2,0,1,0,27,26,0.96
2057981,17322,Serbia,127671,V. Stojković,5867.0,0,0,0,0,0,0,0,0,0,0,0,0,22,21,0.95
2057981,17322,Serbia,127796,F. Kostić,3928.3,0,0,0,0,0,0,0,0,0,0,0,0,19,14,0.74
2057981,17322,Serbia,128214,A. Mitrović,5867.0,1,0,0,6,2,1,0,5,4,0,1,0,13,10,0.77
2057981,17322,Serbia,237274,N. Radonjić,948.7,0,0,0,0,0,0,0,0,0,0,0,0,2,1,0.5
2057981,17322,Serbia,265865,S. Milinković-Savić,5867.0,0,0,0,1,0,1,0,0,5,0,1,0,22,17,0.77
2057981,17322,Serbia,424241,N. Milenković,5867.0,0,0,0,0,0,0,0,0,0,0,0,0,27,21,0.78
2057992,5629,Belgium,36,T. Alderweireld,5766.0,0,1,0,2,0,2,0,0,0,0,0,0,56,50,0.89
2057992,5629,Belgium,48,J. Vertonghen,5766.0,0,0,0,0,0,0,0,0,1,0,0,0,46,38,0.83
2057992,5629,Belgium,122,D. Mertens,5280.9,0,1,0,0,0,0,0,0,1,1,0,0,31,24,0.77
2057992,5629,Belgium,3429,T. Courtois,5766.0,0,0,0,0,0,0,0,0,0,0,0,0,30,24,0.8
2057992,5629,Belgium,7905,R. Lukaku,3660.9,2,0,0,2,2,1,1,0,1,0,0,0,15,11,0.73
2057992,5629,Belgium,8034,D. Boyata,5766.0,0,0,0,0,0,0,0,0,1,0,0,0,34,31,0.91
2057992,5629,Belgium,8249,M. Fellaini,2105.2,0,0,0,0,0,0,0,0,1,0,0,0,23,20,0.87
2057992,5629,Belgium,25707,E. Hazard,4200.9,2,0,0,4,3,2,2,0,0,0,0,0,25,21,0.84
2057992,5629,Belgium,37824,T. Meunier,5766.0,0,1,0,2,1,1,1,0,3,0,0,0,50,40,0.8
2057992,5629,Belgium,38021,K. De Bruyne,5766.0,0,0,0,0,0,0,0,0,0,0,0,0,40,36,0.9
2057992,5629,Belgium,38093,M. Batshuayi,1565.2,1,0,0,6,3,0,6,0,0,2,0,0,5,5,1.0
2057992,5629,Belgium,70123,A. Witsel,5766.0,0,0,0,3,0,2,1,0,2,0,0,0,59,53,0.9
2057992,5629,Belgium,134769,Y. Carrasco,5766.0,0,0,0,4,3,4,0,0,2,0,0,0,23,15,0.65
2057992,5629,Belgium,263802,Y. Tielemans,485.2,0,1,0,0,0,0,0,0,0,0,0,0,2,1,0.5
2057992,16276,Tunisia,10014,S. Ben Youssef,2460.0,0,0,0,0,0,0,0,0,3,0,0,0,18,15,0.83
2057992,16276,Tunisia,21333,Y. Benalouane,3306.0,0,0,0,0,0,0,0,0,1,0,0,0,15,9,0.6
2057992,16276,Tunisia,25776,W. Khazri,5766.0,1,1,0,3,2,3,0,0,0,3,0,0,23,12,0.52
2057992,16276,Tunisia,26100,N. Sliti,2105.2,0,0,0,1,0,1,0,0,1,0,0,0,14,9,0.64
2057992,16276,Tunisia,28094,A. Badri,5766.0,0,0,0,2,2,0,2,0,0,0,0,0,32,26,0.81
2057992,16276,Tunisia,120784,F. Ben Mustapha,5766.0,0,0,0,0,0,0,0,0,0,0,0,0,19,18,0.95
2057992,16276,Tunisia,120839,A. Maâloul,5766.0,0,0,0,0,0,0,0,0,0,0,0,0,63,53,0.84
2057992,16276,Tunisia,120853,F. Sassi,3660.9,0,0,0,2,0,2,0,0,1,0,1,0,56,48,0.86
2057992,16276,Tunisia,209354,F. Ben Youssef,5766.0,0,0,0,2,0,1,0,1,1,0,0,0,29,20,0.69
2057992,16276,Tunisia,246946,E. Skhiri,5766.0,0,0,0,0,0,0,0,0,4,0,0,0,50,47,0.94
2057992,16276,Tunisia,275243,S. Khaoui,5766.0,0,0,0,1,0,0,1,0,2,0,0,0,34,30,0.88
2057992,16276,Tunisia,293080,H. Nagguez,4336.0,0,1,0,0,0,0,0,0,0,0,0,0,38,29,0.76
2057992,16276,Tunisia,295747,D. Bronn,1430.0,1,0,0,1,1,0,0,1,0,0,0,0,10,7,0.7
2057992,16276,Tunisia,331763,Y. Meriah,5766.0,0,0,0,0,0,0,0,0,0,0,0,0,41,39,0.95
2057987,14855,대한민국,14911,손흥민,5810.2,1,0,0,8,2,4,4,0,1,0,0,0,30,28,0.93
2057987,14855,대한민국,51625,문선민,4602.7,0,0,0,2,0,1,1,0,1,0,0,0,21,14,0.67
2057987,14855,대한민국,61962,Sung-Yeung Ki,5810.2,0,0,0,3,2,2,0,1,3,0,0,0,35,33,0.94
2057987,14855,대한민국,95200,김영권,5810.2,0,0,0,0,0,0,0,0,3,0,1,0,31,28,0.9
2057987,14855,대한민국,95299,Min-Woo Kim,5022.7,0,0,0,0,0,0,0,0,0,0,0,0,22,15,0.68
2057987,14855,대한민국,95490,정우영,1207.5,0,0,0,0,0,0,0,0,2,0,1,0,8,8,1.0
2057987,14855,대한민국,107413,홍철,787.5,0,0,0,0,0,0,0,0,2,0,0,0,6,5,0.83
2057987,14855,대한민국,107529,이용,5810.2,0,0,0,0,0,0,0,0,3,0,1,0,33,24,0.73
2057987,14855,대한민국,138633,장현수,5810.2,0,0,0,0,0,0,0,0,1,0,0,0,34,31,0.91
2057987,14855,대한민국,209567,주세종,3822.7,0,0,0,0,0,0,0,0,2,0,0,0,32,24,0.75
2057987,14855,대한민국,256043,조현우,5810.2,0,0,0,0,0,0,0,0,0,0,0,0,11,9,0.82
2057987,14855,대한민국,299121,이재성,5810.2,0,0,0,3,1,0,3,0,2,0,0,0,43,36,0.84
2057987,14855,대한민국,349687,황희찬,5810.2,0,0,0,1,1,0,1,0,1,0,0,0,14,8,0.57
2057987,14855,대한민국,403546,Lee Seung-Woo,1987.5,0,0,0,0,0,0,0,0,2,0,1,0,13,9,0.69
2057987,15473,Mexico,3384,A. Guardado,4122.7,0,0,0,2,1,1,1,0,0,0,0,0,30,26,0.87
2057987,15473,Mexico,3685,C. Vela,4662.7,1,0,0,2,1,0,2,0,2,0,0,0,30,27,0.9
2057987,15473,Mexico,3795,H. Moreno,5810.2,0,0,0,0,0,0,0,0,1,0,0,0,53,47,0.89
2057987,15473,Mexico,7941,J. Hernández,5810.2,1,0,0,3,1,2,0,1,0,0,0,0,23,22,0.96
2057987,15473,Mexico,8297,G. dos Santos,1147.5,0,0,0,0,0,0,0,0,0,0,0,0,4,3,0.75
2057987,15473,Mexico,25816,G. Ochoa,5810.2,0,0,0,0,0,0,0,0,0,0,0,0,21,19,0.9
2057987,15473,Mexico,59003,R. Márquez,1687.5,0,0,0,0,0,0,0,0,0,0,0,0,21,19,0.9
2057987,15473,Mexico,112366,M. Layún,5810.2,0,0,0,1,1,1,0,0,0,0,0,0,28,23,0.82
2057987,15473,Mexico,112459,H. Herrera,5810.2,0,0,0,1,0,1,0,0,1,0,0,0,57,51,0.89
2057987,15473,Mexico,112522,J. Corona,1507.5,0,0,0,0,0,0,0,0,0,0,0,0,14,11,0.79
2057987,15473,Mexico,255387,C. Salcedo,5810.2,0,0,0,0,0,0,0,0,1,0,0,0,68,62,0.91
2057987,15473,Mexico,295156,H. Lozano,4302.7,0,1,0,3,0,2,1,0,2,0,0,0,14,12,0.86
2057987,15473,Mexico,336178,J. Gallardo,5810.2,0,0,0,0,0,0,0,0,0,0,0,0,39,36,0.92
2057987,15473,Mexico,448210,E. Álvarez,5810.2,0,0,0,0,0,0,0,0,0,0,0,0,65,58,0.89
2057986,3148,독일,14712,M. 노이어,5942.7,0,0,0,0,0,0,0,0,0,0,0,0,31,27,0.87
2057986,3148,독일,14716,J. Boateng,5942.7,0,0,0,2,0,0,2,0,2,0,1,0,97,88,0.91
2057986,3148,독일,14723,T. 크로스,5942.7,1,0,0,4,1,3,1,0,0,0,0,0,122,113,0.93
2057986,3148,독일,14731,M. 고메스,3127.2,0,0,0,1,1,0,0,1,0,1,0,0,4,2,0.5
2057986,3148,독일,14732,T. 뮐러,5942.7,0,0,0,1,0,0,0,1,1,0,0,0,44,34,0.77
2057986,3148,독일,14748,A. Rüdiger,5942.7,0,0,0,0,0,0,0,0,2,0,0,0,83,79,0.95
2057986,3148,독일,14808,İ. Gündoğan,4082.7,0,0,0,1,1,1,0,0,0,0,0,0,51,47,0.92
2057986,3148,독일,14862,J. Draxler,2815.5,0,0,0,1,0,1,0,0,3,0,0,0,28,25,0.89
2057986,3148,독일,15024,M. 로이스,5942.7,1,0,0,2,1,1,1,0,1,0,0,0,50,39,0.78
2057986,3148,독일,15811,S. Rudy,1860.0,0,0,0,1,0,1,0,0,1,0,0,0,17,17,1.0
2057986,3148,독일,18669,J. 헥터,5275.5,0,0,0,2,1,0,2,0,1,1,0,0,43,39,0.91
2057986,3148,독일,146583,J. 브란트,667.2,0,0,0,1,0,0,1,0,0,0,0,0,5,4,0.8
2057986,3148,독일,173214,T. 베르너,5942.7,0,0,0,1,0,1,0,0,1,3,0,0,30,22,0.73
2057986,3148,독일,224593,J. 키미히,5942.7,0,0,0,0,0,0,0,0,0,0,0,0,80,71,0.89
2057986,7047,Sweden,123,O. Toivonen,4735.5,1,0,0,1,1,1,0,0,3,0,0,0,15,11,0.73
2057986,7047,Sweden,151,J. Guidetti,1207.2,0,0,0,1,1,1,0,0,1,0,0,0,3,1,0.33
2057986,7047,Sweden,8529,S. Larsson,5942.7,0,0,0,0,0,0,0,0,1,0,1,0,32,26,0.81
2057986,7047,Sweden,14908,M. Berg,5395.5,0,0,0,3,2,2,0,1,1,2,0,0,13,12,0.92
2057986,7047,Sweden,20876,A. Ekdal,5942.7,0,0,0,0,0,0,0,0,1,0,1,0,20,14,0.7
2057986,7047,Sweden,21275,A. Granqvist,5942.7,0,0,0,0,0,0,0,0,1,0,0,0,19,15,0.79
2057986,7047,Sweden,50798,R. Olsen,5942.7,0,0,0,0,0,0,0,0,0,0,0,0,16,11,0.69
2057986,7047,Sweden,50812,J. Durmaz,1447.2,0,0,0,0,0,0,0,0,2,0,0,0,4,3,0.75
2057986,7047,Sweden,51132,E. Forsberg,5942.7,0,0,0,1,1,0,1,0,1,0,0,0,15,10,0.67
2057986,7047,Sweden,51144,V. Claesson,4495.5,0,1,0,0,0,0,0,0,0,0,0,0,15,12,0.8
2057986,7047,Sweden,51217,L. Augustinsson,5942.7,0,0,0,0,0,0,0,0,0,0,0,0,25,16,0.64
2057986,7047,Sweden,51262,I. Kiese Thelin,547.2,0,0,0,0,0,0,0,0,1,0,0,0,0,0,0.0
2057986,7047,Sweden,61949,M. Lustig,5942.7,0,0,0,0,0,0,0,0,1,0,0,0,23,17,0.74
2057986,7047,Sweden,71703,V. Lindelöf,5942.7,0,0,0,0,0,0,0,0,1,0,0,0,20,17,0.85
2057993,2413,England,7934,J. Lingard,3902.3,1,0,0,2,1,2,0,0,3,0,0,0,32,30,0.94
2057993,2413,England,7939,A. Young,5843.3,0,0,0,0,0,0,0,0,1,0,0,0,44,40,0.91
2057993,2413,England,7964,J. Henderson,5843.3,0,0,0,1,0,1,0,0,0,0,0,0,72,65,0.9
2057993,2413,England,8277,K. Walker,5843.3,0,0,0,0,0,0,0,0,0,0,0,0,103,99,0.96
2057993,2413,England,8292,D. Rose,1521.0,0,0,0,0,0,0,0,0,0,0,0,0,10,9,0.9
2057993,2413,England,8464,F. Delph,1941.0,0,0,0,0,0,0,0,0,0,0,0,0,25,22,0.88
2057993,2413,England,8653,H. Maguire,5843.3,0,0,0,1,0,0,0,1,1,0,0,0,71,69,0.97
2057993,2413,England,8717,H. Kane,3902.3,3,0,0,3,3,3,0,0,0,0,0,0,12,10,0.83
2057993,2413,England,8945,K. Trippier,4322.3,0,1,0,0,0,0,0,0,1,1,0,0,21,20,0.95
2057993,2413,England,9380,J. Stones,5843.3,2,0,0,2,2,0,0,2,0,0,0,0,95,92,0.97
2057993,2413,England,10131,J. Pickford,5843.3,0,0,0,0,0,0,0,0,0,0,0,0,15,15,1.0
2057993,2413,England,11066,R. Sterling,5843.3,0,1,0,2,1,1,0,1,5,2,0,0,33,32,0.97
2057993,2413,England,12829,J. Vardy,1941.0,0,0,0,0,0,0,0,0,0,0,0,0,4,3,0.75
2057993,2413,England,235555,R. Loftus-Cheek,5843.3,0,1,0,1,0,0,1,0,2,0,1,0,32,30,0.94
2057993,17929,Panama,59083,G. Gómez,4272.3,0,0,0,0,0,0,0,0,1,0,0,0,31,31,1.0
2057993,17929,Panama,86411,A. Cooper,5843.3,0,0,0,0,0,0,0,0,2,0,1,0,41,35,0.85
2057993,17929,Panama,86414,A. Godoy,3902.3,0,0,0,1,0,0,1,0,2,0,0,0,35,32,0.91
2057993,17929,Panama,91263,R. Torres,5843.3,0,0,0,1,0,1,0,0,0,0,0,0,32,30,0.94
2057993,17929,Panama,112679,F. Baloy,1571.0,1,0,0,1,1,1,0,0,0,0,0,0,17,17,1.0
2057993,17929,Panama,113517,B. Pérez,5843.3,0,0,0,1,0,0,1,0,0,0,0,0,14,11,0.79
2057993,17929,Panama,116364,E. Davis,5843.3,0,0,0,0,0,0,0,0,1,0,0,0,61,52,0.85
2057993,17929,Panama,125774,J. Penedo,5843.3,0,0,0,0,0,0,0,0,0,0,0,0,10,10,1.0
2057993,17929,Panama,131602,A. Arroyo,1581.0,0,0,0,0,0,0,0,0,1,0,0,0,1,1,1.0
2057993,17929,Panama,241077,Y. Bárcenas,4262.3,0,0,0,2,0,1,1,0,0,0,0,0,19,15,0.79
2057993,17929,Panama,273683,F. Escobar,5843.3,0,0,0,0,0,0,0,0,3,0,1,0,40,38,0.95
2057993,17929,Panama,361498,M. Murillo,5843.3,0,0,0,0,0,0,0,0,2,0,1,0,35,28,0.8
2057993,17929,Panama,361536,R. Avila,1941.0,0,1,0,0,0,0,0,0,1,0,0,0,18,16,0.89
2057993,17929,Panama,401861,J. Rodriguez,5843.3,0,0,0,1,0,0,1,0,1,0,0,0,36,32,0.89
2057999,12913,Japan,703,M. Yoshida,5697.2,0,0,0,0,0,0,0,0,1,0,0,0,65,54,0.83
2057999,12913,Japan,14730,T. Usami,479.8,0,0,0,0,0,0,0,0,1,0,0,0,2,1,0.5
2057999,12913,Japan,14763,S. Okazaki,1199.8,0,0,0,0,0,0,0,0,0,0,0,0,4,3,0.75
2057999,12913,Japan,14816,S. Kagawa,4317.4,0,0,0,0,0,0,0,0,0,0,0,0,38,34,0.89
2057999,12913,Japan,14836,T. Inui,5217.4,1,1,0,2,1,2,0,0,1,1,1,0,26,24,0.92
2057999,12913,Japan,14929,M. Hasebe,5697.2,0,0,0,1,0,1,0,0,1,0,1,0,71,60,0.85
2057999,12913,Japan,20517,Y. Nagatomo,5697.2,0,1,0,0,0,0,0,0,0,0,0,0,28,24,0.86
2057999,12913,Japan,37896,E. Kawashima,5697.2,0,0,0,0,0,0,0,0,0,0,0,0,22,20,0.91
2057999,12913,Japan,94650,G. Haraguchi,4497.4,0,0,0,1,0,0,1,0,1,0,0,0,20,16,0.8
2057999,12913,Japan,94695,H. Sakai,5697.2,0,0,0,0,0,0,0,0,1,0,0,0,28,24,0.86
2057999,12913,Japan,94814,G. Shōji,5697.2,0,0,0,0,0,0,0,0,0,0,0,0,58,56,0.97
2057999,12913,Japan,94828,G. Shibasaki,5697.2,0,0,0,0,0,0,0,0,2,0,0,0,48,38,0.79
2057999,12913,Japan,94831,Y. Ōsako,5697.2,0,0,0,2,1,0,1,1,0,1,0,0,22,18,0.82
2057999,12913,Japan,101592,K. Honda,1379.8,1,0,0,1,1,0,1,0,0,0,0,0,8,6,0.75
2057999,19314,Senegal,15054,M. Diouf,539.8,0,0,0,1,0,0,1,0,0,0,0,0,0,0,0.0
2057999,19314,Senegal,25706,I. Gueye,5697.2,0,0,0,0,0,0,0,0,2,0,0,0,40,34,0.85
2057999,19314,Senegal,25726,K. Koulibaly,5697.2,0,0,0,0,0,0,0,0,1,0,0,0,35,30,0.86
2057999,19314,Senegal,25747,S. Mané,5697.2,1,0,0,1,1,1,0,0,2,2,0,0,29,22,0.76
2057999,19314,Senegal,25898,M. Niang,5157.4,0,1,0,4,3,2,2,0,2,2,1,0,18,15,0.83
2057999,19314,Senegal,26115,S. Sané,5697.2,0,0,0,0,0,0,0,0,0,0,0,0,37,31,0.84
2057999,19314,Senegal,27412,C. N'Doye,839.8,0,0,0,1,0,0,0,1,1,0,1,0,4,4,1.0
2057999,19314,Senegal,28529,Y. Sabaly,5697.2,0,0,0,2,1,2,0,0,3,0,1,0,28,20,0.71
2057999,19314,Senegal,32793,A. N'Diaye,3897.4,0,0,0,0,0,0,0,0,1,0,0,0,16,15,0.94
2057999,19314,Senegal,37725,C. Kouyaté,1799.8,0,0,0,0,0,0,0,0,1,0,0,0,11,9,0.82
2057999,19314,Senegal,133897,K. N'Diaye,5697.2,0,0,0,0,0,0,0,0,0,0,0,0,22,15,0.68
2057999,19314,Senegal,207164,B. N'Diaye,4857.4,0,0,0,1,0,1,0,0,1,0,0,0,23,15,0.65
2057999,19314,Senegal,375348,M. Wagué,5697.2,1,0,0,1,1,1,0,0,0,0,0,0,44,36,0.82
2057999,19314,Senegal,448079,I. Sarr,5697.2,0,0,0,1,1,1,0,0,1,0,0,0,23,19,0.83
2057998,12430,Colombia,3450,R. Falcao,4865.2,1,0,0,2,1,2,0,0,1,0,0,0,25,19,0.76
2057998,12430,Colombia,4814,A. Aguilar,1920.0,0,0,0,0,0,0,0,0,0,0,0,0,12,8,0.67
2057998,12430,Colombia,20751,J. Cuadrado,5950.2,1,0,0,3,1,3,0,0,0,0,0,0,60,51,0.85
2057998,12430,Colombia,25662,D. Ospina,5950.2,0,0,0,0,0,0,0,0,0,0,0,0,21,19,0.9
2057998,12430,Colombia,37831,C. Bacca,1085.0,0,0,0,0,0,0,0,0,0,0,0,0,6,6,1.0
2057998,12430,Colombia,70096,J. Rodríguez,5950.2,0,2,0,2,0,0,2,0,1,1,0,0,65,57,0.88
2057998,12430,Colombia,70136,S. Arias,5950.2,0,0,0,1,0,1,0,0,1,0,0,0,49,45,0.92
2057998,12430,Colombia,91019,J. Quintero,4565.2,0,1,0,2,0,0,2,0,1,0,0,0,60,51,0.85
2057998,12430,Colombia,91502,A. Uribe,4030.2,0,0,0,1,1,1,0,0,1,0,0,0,34,30,0.88
2057998,12430,Colombia,91702,J. Mojica,5950.2,0,0,0,0,0,0,0,0,0,0,0,0,37,24,0.65
2057998,12430,Colombia,246928,W. Barrios,5950.2,0,0,0,0,0,0,0,0,1,0,0,0,51,43,0.84
2057998,12430,Colombia,255738,J. Lerma,1385.0,0,0,0,1,0,0,1,0,0,0,0,0,11,7,0.64
2057998,12430,Colombia,256634,Y. Mina,5950.2,1,0,0,1,1,0,0,1,2,0,0,0,41,35,0.85
2057998,12430,Colombia,257762,D. Sánchez,5950.2,0,0,0,0,0,0,0,0,1,0,0,0,39,32,0.82
2057998,13869,Poland,7849,W. Szczęsny,5950.2,0,0,0,0,0,0,0,0,0,0,0,0,20,17,0.85
2057998,13869,Poland,14798,Ł. Piszczek,5950.2,0,0,0,0,0,0,0,0,0,0,0,0,51,40,0.78
2057998,13869,Poland,14817,R. Lewandowski,5950.2,0,0,0,4,2,1,1,2,3,0,0,0,28,21,0.75
2057998,13869,Poland,21097,K. Glik,965.0,0,0,0,0,0,0,0,0,0,0,0,0,8,7,0.88
2057998,13869,Poland,25537,G. Krychowiak,5950.2,0,0,0,1,0,1,0,0,1,0,0,0,50,42,0.84
2057998,13869,Poland,33032,K. Grosicki,2335.0,0,0,0,0,0,0,0,0,0,0,0,0,7,6,0.86
2057998,13869,Poland,99391,M. Rybus,5950.2,0,0,0,0,0,0,0,0,1,1,0,0,31,25,0.81
2057998,13869,Poland,99438,M. Pazdan,4985.2,0,0,0,0,0,0,0,0,1,0,0,0,54,45,0.83
2057998,13869,Poland,99479,Ł. Teodorczyk,1425.0,0,0,0,0,0,0,0,0,1,0,0,0,2,1,0.5
2057998,13869,Poland,99833,B. Bereszyński,4525.2,0,0,0,0,0,0,0,0,0,0,0,0,15,12,0.8
2057998,13869,Poland,99902,P. Zieliński,5950.2,0,0,0,2,0,1,1,0,1,0,0,0,40,33,0.82
2057998,13869,Poland,100140,J. Góralski,5950.2,0,0,0,0,0,0,0,0,3,0,1,0,37,31,0.84
2057998,13869,Poland,240032,J. Bednarek,5950.2,0,0,0,0,0,0,0,0,2,0,1,0,54,49,0.91
2057998,13869,Poland,240042,D. Kownacki,3615.2,0,0,0,0,0,0,0,0,2,0,0,0,16,10,0.62
2057958,14358,Russia,4513,D. Cheryshev,2280.0,0,0,1,1,1,1,0,0,1,0,0,0,11,6,0.55
2057958,14358,Russia,41123,Mário Fernandes,3522.2,0,0,0,0,0,0,0,0,0,0,0,0,32,28,0.88
2057958,14358,Russia,101576,I. Akinfeev,5802.2,0,0,0,0,0,0,0,0,0,0,0,0,18,18,1.0
2057958,14358,Russia,101583,S. Ignashevich,5802.2,0,0,0,0,0,0,0,0,1,0,0,0,25,20,0.8
2057958,14358,Russia,101647,F. Kudryashov,5802.2,0,0,0,0,0,0,0,0,2,0,0,0,39,35,0.9
2057958,14358,Russia,101669,A. Dzyuba,5802.2,0,0,0,1,0,0,1,0,7,2,0,0,16,11,0.69
2057958,14358,Russia,101699,A. Samedov,5802.2,0,0,0,0,0,0,0,0,0,0,0,0,36,30,0.83
2057958,14358,Russia,101707,F. Smolov,2131.5,0,0,0,0,0,0,0,0,0,0,0,0,17,13,0.76
2057958,14358,Russia,101825,I. Smolnikov,5802.2,0,0,0,0,0,0,0,0,2,0,1,0,12,10,0.83
2057958,14358,Russia,102157,Y. Gazinskiy,2830.7,0,0,0,0,0,0,0,0,1,0,1,0,20,17,0.85
2057958,14358,Russia,103668,I. Kutepov,5802.2,0,0,0,0,0,0,0,0,1,0,0,0,36,28,0.78
2057958,14358,Russia,103682,R. Zobnin,5802.2,0,0,0,1,0,1,0,0,0,0,0,0,45,39,0.87
2057958,14358,Russia,220971,D. Kuzyaev,2971.5,0,0,0,0,0,0,0,0,3,0,0,0,16,14,0.88
2057958,14358,Russia,262048,Al. Miranchuk,3670.7,0,0,0,0,0,0,0,0,1,0,0,0,19,13,0.68
2057958,15670,Uruguay,3433,D. Godín,5802.2,0,0,0,2,1,1,0,1,1,0,0,0,53,46,0.87
2057958,15670,Uruguay,7954,S. Coates,5802.2,0,0,0,0,0,0,0,0,2,0,0,0,62,59,0.95
2057958,15670,Uruguay,7972,L. Suárez,5802.2,1,0,0,1,1,1,0,0,0,0,0,0,21,15,0.71
2057958,15670,Uruguay,20460,M. Cáceres,5802.2,0,0,0,0,0,0,0,0,0,0,0,0,54,50,0.93
2057958,15670,Uruguay,21174,E. Cavani,5660.7,1,0,0,4,1,2,2,0,2,0,0,0,17,13,0.76
2057958,15670,Uruguay,32641,F. Muslera,5802.2,0,0,0,0,0,0,0,0,0,0,0,0,15,13,0.87
2057958,15670,Uruguay,70095,C. Rodríguez,1351.5,0,0,0,2,2,0,2,0,0,0,0,0,6,4,0.67
2057958,15670,Uruguay,116269,D. Laxalt,5802.2,0,0,0,1,0,0,1,0,2,0,0,0,51,40,0.78
2057958,15670,Uruguay,116349,M. Vecino,5802.2,0,0,0,1,0,1,0,0,3,0,0,0,63,58,0.92
2057958,15670,Uruguay,213364,G. De Arrascaeta,1951.5,0,0,0,0,0,0,0,0,0,0,0,0,19,15,0.79
2057958,15670,Uruguay,299618,N. Nández,4450.7,0,0,0,0,0,0,0,0,2,0,0,0,34,29,0.85
2057958,15670,Uruguay,333571,L. Torreira,5802.2,0,0,0,1,0,1,0,0,0,0,0,0,58,52,0.9
2057958,15670,Uruguay,361807,R. Bentancur,3850.7,0,0,0,2,1,1,1,0,5,0,1,0,26,23,0.88
2057958,15670,Uruguay,395636,Maxi Gómez,141.5,0,0,0,0,0,0,0,0,0,0,0,0,1,1,1.0
2057959,16129,Egypt,119932,Mahmoud Kahraba,931.5,0,0,0,0,0,0,0,0,1,0,0,0,4,3,0.75
2057959,16129,Egypt,119951,Ahmed Hegazy,6070.8,0,0,0,0,0,0,0,0,0,0,0,0,37,30,0.81
2057959,16129,Egypt,119975,Mohamed Abdel-Shafi,6070.8,0,0,0,0,0,0,0,0,0,0,0,0,41,34,0.83
2057959,16129,Egypt,120156,Ahmed Fathy,6070.8,0,0,0,0,0,0,0,0,4,0,1,0,38,29,0.76
2057959,16129,Egypt,120167,Abdallah Said,3089.3,0,1,0,0,0,0,0,0,0,0,0,0,20,13,0.65
2057959,16129,Egypt,120225,Marwan Mohsen,4139.3,0,0,0,0,0,0,0,0,1,0,0,0,11,6,0.55
2057959,16129,Egypt,120269,Essam El Hadary,6070.8,0,0,0,0,0,0,0,0,0,0,0,0,11,9,0.82
2057959,16129,Egypt,120339,Mohamed Elneny,6070.8,0,0,0,1,0,1,0,0,1,0,0,0,40,38,0.95
2057959,16129,Egypt,120353,Mohamed Salah,6070.8,1,0,0,2,1,0,2,0,1,3,0,0,19,14,0.74
2057959,16129,Egypt,198120,Ali Gabr,6070.8,0,0,0,0,0,0,0,0,1,0,1,0,32,28,0.88
2057959,16129,Egypt,220112,Trézéguet,5139.3,0,0,0,3,0,2,0,1,1,0,0,0,20,15,0.75
2057959,16129,Egypt,332605,Ramadan Sobhi,1931.5,0,0,0,0,0,0,0,0,1,0,0,0,11,8,0.73
2057959,16129,Egypt,388928,Amr Warda,2981.5,0,0,0,1,0,1,0,0,0,0,0,0,14,10,0.71
2057959,16129,Egypt,437417,Tarek Hamed,6070.8,0,0,0,0,0,0,0,0,5,0,0,0,52,45,0.87
2057959,16521,Saudi Arabia,122562,Yasser Al Mosailem,6070.8,0,0,0,0,0,0,0,0,0,0,0,0,10,9,0.9
2057959,16521,Saudi Arabia,122615,Hattan Bahbir,4179.3,0,0,0,3,1,2,1,0,0,0,0,0,30,22,0.73
2057959,16521,Saudi Arabia,122623,Fahad Al Muwallad,5019.3,0,0,0,1,0,1,0,0,2,0,0,0,14,10,0.71
2057959,16521,Saudi Arabia,122749,Muhannad Asiri,1891.5,0,0,0,1,1,0,0,1,0,0,0,0,2,0,0.0
2057959,16521,Saudi Arabia,122832,Salem Al Dawsari,6070.8,1,0,0,4,2,4,0,0,0,1,0,0,67,60,0.9
2057959,16521,Saudi Arabia,122839,Osama Hawsawi,6070.8,0,0,0,0,0,0,0,0,2,0,0,0,31,29,0.94
2057959,16521,Saudi Arabia,122847,Salman Al Faraj,6070.8,1,0,0,3,1,0,3,0,1,0,0,0,94,78,0.83
2057959,16521,Saudi Arabia,122888,Yahya Al Shehri,1051.5,0,0,0,0,0,0,0,0,0,0,0,0,21,20,0.95
2057959,16521,Saudi Arabia,122918,Hussain Al Mogahwi,6070.8,0,0,0,5,1,4,0,1,1,0,0,0,76,73,0.96
2057959,16521,Saudi Arabia,122940,Yasir Al Shahrani,6070.8,0,0,0,1,0,1,0,0,0,0,0,0,71,62,0.87
2057959,16521,Saudi Arabia,139391,Motaz Hawsawi,6070.8,0,0,0,0,0,0,0,0,0,0,0,0,31,28,0.9
2057959,16521,Saudi Arabia,139393,Abdullah Otayf,6070.8,0,1,0,2,0,2,0,0,1,0,0,0,117,109,0.93
2057959,16521,Saudi Arabia,292954,Mohammed Al Burayk,6070.8,0,0,0,2,0,2,0,0,0,0,0,0,78,68,0.87
2057964,9905,Portugal,3305,Pepe,6030.4,0,0,0,0,0,0,0,0,0,0,0,0,54,50,0.93
2057964,9905,Portugal,3322,Cristiano Ronaldo,6030.4,0,0,0,5,2,5,0,0,2,0,1,0,28,23,0.82
2057964,9905,Portugal,8126,José Fonte,6030.4,0,0,0,1,0,1,0,0,0,0,0,0,71,66,0.93
2057964,9905,Portugal,28907,Raphaël Guerreiro,6030.4,0,0,0,1,0,0,1,0,2,0,1,0,61,54,0.89
2057964,9905,Portugal,32597,Ricardo Quaresma,4325.6,1,0,0,2,1,2,0,0,2,0,1,0,31,20,0.65
2057964,9905,Portugal,37762,William Carvalho,6030.4,0,0,0,0,0,0,0,0,1,0,0,0,85,77,0.91
2057964,9905,Portugal,70093,João Moutinho,864.8,0,0,0,0,0,0,0,0,0,0,0,0,2,1,0.5
2057964,9905,Portugal,70134,Rui Patrício,6030.4,0,0,0,0,0,0,0,0,0,0,0,0,16,14,0.88
2057964,9905,Portugal,70389,Cédric Soares,6030.4,0,0,0,0,0,0,0,0,3,0,1,0,57,45,0.79
2057964,9905,Portugal,70403,Adrien Silva,6030.4,0,0,0,1,0,1,0,0,1,0,0,0,99,98,0.99
2057964,9905,Portugal,70965,João Mário,5165.6,0,0,0,1,0,1,0,0,0,0,0,0,58,56,0.97
2057964,9905,Portugal,135927,André Silva,5885.6,0,0,0,1,0,1,0,0,1,1,0,0,24,21,0.88
2057964,9905,Portugal,265673,Bernardo Silva,1704.8,0,0,0,0,0,0,0,0,0,0,0,0,5,5,1.0
2057964,10840,Iran,53562,S. Ghoddos,1704.8,0,0,0,2,0,2,0,0,1,0,0,0,1,1,1.0
2057964,10840,Iran,78991,O. Ebrahimi,6030.4,0,0,0,0,0,0,0,0,1,0,0,0,22,20,0.91
2057964,10840,Iran,79006,S. Azmoun,6030.4,0,0,0,0,0,0,0,0,2,0,1,0,15,11,0.73
2057964,10840,Iran,79098,R. Rezaeian,6030.4,0,0,0,1,0,1,0,0,2,0,0,0,28,21,0.75
2057964,10840,Iran,79149,K. Ansarifard,1344.8,1,0,0,1,1,1,0,0,1,0,0,0,2,1,0.5
2057964,10840,Iran,79248,E. Hajsafi,3495.6,0,0,0,0,0,0,0,0,1,0,1,0,10,10,1.0
2057964,10840,Iran,79320,M. Taremi,6030.4,0,0,0,1,0,0,1,0,2,1,0,0,16,13,0.81
2057964,10840,Iran,79381,A. Jahanbakhsh,4325.6,0,0,0,0,0,0,0,0,3,0,0,0,17,11,0.65
2057964,10840,Iran,79449,M. Pouraliganji,6030.4,0,0,0,0,0,0,0,0,0,0,0,0,16,16,1.0
2057964,10840,Iran,237836,V. Amiri,6030.4,0,0,0,1,0,0,1,0,2,0,0,0,16,11,0.69
2057964,10840,Iran,238031,A. Beiranvand,6030.4,0,0,0,0,0,0,0,0,0,0,0,0,15,13,0.87
2057964,10840,Iran,241647,S. Ezatolahi,4685.6,0,0,0,1,1,0,0,1,3,0,0,0,18,14,0.78
2057964,10840,Iran,285538,M. Hosseini,6030.4,0,0,0,0,0,0,0,0,0,0,0,0,20,18,0.9
2057964,10840,Iran,333803,M. Mohammadi,2534.8,0,0,0,0,0,0,0,0,0,0,0,0,6,3,0.5
2057965,1598,Spain,3269,Jordi Alba,5909.9,0,0,0,0,0,0,0,0,0,0,0,0,73,67,0.92
2057965,1598,Spain,3306,Sergio Ramos,5909.9,0,0,0,1,0,1,0,0,1,0,0,0,103,98,0.95
2057965,1598,Spain,3341,Piqué,5909.9,0,0,0,3,1,1,0,2,0,0,0,0,74,71,0.96
2057965,1598,Spain,3345,Thiago Alcântara,4511.1,0,0,0,2,0,1,1,0,1,0,0,0,86,85,0.99
2057965,1598,Spain,3346,Sergio Busquets,5909.9,0,0,0,1,0,0,0,1,1,0,0,0,63,57,0.9
2057965,1598,Spain,3353,Iniesta,5909.9,0,1,0,2,0,1,1,0,0,0,0,0,85,76,0.89
2057965,1598,Spain,3563,Isco,5909.9,1,0,0,2,2,1,0,1,1,1,0,0,100,93,0.93
2057965,1598,Spain,3840,Iago Aspas,1398.8,1,0,0,1,1,1,0,0,1,0,0,0,5,5,1.0
2057965,1598,Spain,4338,Diego Costa,4511.1,0,0,0,1,0,0,1,0,0,0,0,0,19,17,0.89
2057965,1598,Spain,4501,Daniel Carvajal,5909.9,0,1,0,0,0,0,0,0,0,0,0,0,57,48,0.84
2057965,1598,Spain,7910,David de Gea,5909.9,0,0,0,0,0,0,0,0,0,0,0,0,10,9,0.9
2057965,1598,Spain,8317,David Silva,5111.1,0,0,0,0,0,0,0,0,0,0,0,0,42,36,0.86
2057965,1598,Spain,70129,Rodrigo,798.8,0,0,0,1,0,0,0,1,0,0,0,0,4,2,0.5
2057965,1598,Spain,288091,Marco Asensio,1398.8,0,0,0,1,0,0,0,1,0,0,0,0,7,6,0.86
2057965,16216,Morocco,142,K. El Ahmadi,5909.9,0,0,0,0,0,0,0,0,2,0,1,0,17,17,1.0
2057965,16216,Morocco,6509,Munir,5909.9,0,0,0,0,0,0,0,0,1,0,1,0,18,14,0.78
2057965,16216,Morocco,15727,A. Bouhaddouz,738.8,0,0,0,0,0,0,0,0,0,0,0,0,1,1,1.0
2057965,16216,Morocco,25888,F. Fajr,2058.8,0,1,0,0,0,0,0,0,2,0,0,0,8,6,0.75
2057965,16216,Morocco,25998,Y. Belhanda,3851.1,0,0,0,0,0,0,0,0,1,0,0,0,18,17,0.94
2057965,16216,Morocco,26226,R. Saïss,5909.9,0,0,0,0,0,0,0,0,0,0,0,0,21,19,0.9
2057965,16216,Morocco,29625,K. Boutaïb,4331.1,1,0,0,2,2,0,2,0,1,0,0,0,8,8,1.0
2057965,16216,Morocco,32968,N. Amrabat,5909.9,0,0,0,1,0,1,0,0,5,1,1,0,13,9,0.69
2057965,16216,Morocco,101620,M. da Costa,5909.9,0,0,0,0,0,0,0,0,2,0,1,0,29,21,0.72
2057965,16216,Morocco,101846,M. Boussoufa,5909.9,0,0,0,0,0,0,0,0,2,0,1,0,25,23,0.92
2057965,16216,Morocco,149074,N. Dirar,5909.9,0,0,0,0,0,0,0,0,2,0,0,0,24,21,0.88
2057965,16216,Morocco,221039,H. Ziyech,5171.1,0,0,0,2,0,0,2,0,1,0,0,0,17,13,0.76
2057965,16216,Morocco,396475,A. Hakimi,5909.9,0,0,0,0,0,0,0,0,1,0,1,0,28,24,0.86
2057965,16216,Morocco,447821,Y. En-Nesyri,1578.8,1,0,0,1,1,0,0,1,0,0,0,0,3,2,0.67
2057970,4418,France,3309,R. Varane,5692.6,0,0,0,1,0,0,0,1,1,0,0,0,83,79,0.95
2057970,4418,France,3682,A. Griezmann,4159.5,0,0,0,2,2,0,2,0,2,1,0,0,43,32,0.74
2057970,4418,France,8200,S. N'Zonzi,5692.6,0,0,0,0,0,0,0,0,0,0,0,0,63,58,0.92
2057970,4418,France,25552,S. Mandanda,5692.6,0,0,0,0,0,0,0,0,0,0,0,0,26,24,0.92
2057970,4418,France,26010,O. Giroud,5692.6,0,0,0,3,1,0,2,1,2,0,0,0,11,9,0.82
2057970,4418,France,26136,B. Mendy,2683.0,0,0,0,0,0,0,0,0,0,0,0,0,34,26,0.76
2057970,4418,France,26196,D. Sidibé,5692.6,0,0,0,0,0,0,0,0,1,0,0,0,96,80,0.83
2057970,4418,France,28115,N. Fekir,1533.0,0,0,0,2,1,0,2,0,0,0,0,0,15,13,0.87
2057970,4418,France,28922,T. Lemar,5692.6,0,0,0,1,0,0,1,0,1,0,0,0,53,48,0.91
2057970,4418,France,31528,N. Kanté,5692.6,0,0,0,0,0,0,0,0,1,0,0,0,79,73,0.92
2057970,4418,France,231138,P. Kimpembe,5692.6,0,0,0,0,0,0,0,0,1,0,0,0,75,70,0.93
2057970,4418,France,279545,L. Hernández,3009.5,0,0,0,0,0,0,0,0,1,0,0,0,34,29,0.85
2057970,4418,France,286390,O. Dembélé,4669.5,0,0,0,2,0,1,1,0,0,0,0,0,41,35,0.85
2057970,4418,France,353833,K. Mbappé,1023.0,0,0,0,0,0,0,0,0,0,0,0,0,11,9,0.82
2057970,7712,Denmark,54,C. Eriksen,5692.6,0,0,0,3,1,3,0,0,1,0,0,0,28,22,0.79
2057970,7712,Denmark,1722,V. Fischer,2083.0,0,0,0,1,0,0,1,0,0,1,0,0,8,8,1.0
2057970,7712,Denmark,8480,K. Schmeichel,5692.6,0,0,0,0,0,0,0,0,0,0,0,0,28,20,0.71
2057970,7712,Denmark,20433,S. Kjær,5692.6,0,0,0,0,0,0,0,0,0,0,0,0,37,29,0.78
2057970,7712,Denmark,55968,M. Braithwaite,5692.6,0,0,0,0,0,0,0,0,2,0,0,0,22,17,0.77
2057970,7712,Denmark,55979,M. Jørgensen,5692.6,0,0,0,0,0,0,0,0,1,0,1,0,33,28,0.85
2057970,7712,Denmark,55990,T. Delaney,5692.6,0,0,0,0,0,0,0,0,1,0,0,0,31,28,0.9
2057970,7712,Denmark,56026,J. Stryger Larsen,5692.6,0,0,0,0,0,0,0,0,0,0,0,0,23,18,0.78
2057970,7712,Denmark,56394,H. Dalsgaard,5692.6,0,0,0,0,0,0,0,0,2,0,0,0,32,24,0.75
2057970,7712,Denmark,135103,A. Christensen,5692.6,0,0,0,0,0,0,0,0,0,0,0,0,29,27,0.93
2057970,7712,Denmark,135150,A. Cornelius,4489.5,0,0,0,0,0,0,0,0,2,0,0,0,12,7,0.58
2057970,7712,Denmark,241945,P. Sisto,3609.5,0,0,0,0,0,0,0,0,0,0,0,0,13,6,0.46
2057970,7712,Denmark,281254,K. Dolberg,1203.0,0,0,0,0,0,0,0,0,1,0,0,0,6,4,0.67
2057971,8493,Australia,8247,T. Cahill,2511.4,0,0,0,1,0,1,0,0,1,0,0,0,5,4,0.8
2057971,8493,Australia,8410,M. Jedinak,5692.2,0,0,0,5,1,2,0,3,3,0,1,0,69,64,0.93
2057971,8493,Australia,15020,M. Leckie,5692.2,0,0,0,0,0,0,0,0,1,0,0,0,29,20,0.69
2057971,8493,Australia,16151,R. Kruse,3480.8,0,0,0,0,0,0,0,0,0,2,0,0,12,8,0.67
2057971,8493,Australia,61367,J. Risdon,5692.2,0,0,0,0,0,0,0,0,1,1,0,0,51,39,0.76
2057971,8493,Australia,61390,M. Ryan,5692.2,0,0,0,0,0,0,0,0,0,0,0,0,22,21,0.95
2057971,8493,Australia,61395,T. Sainsbury,5692.2,0,0,0,2,0,0,0,2,1,0,0,0,78,74,0.95
2057971,8493,Australia,61407,T. Rogić,4320.8,0,0,0,2,1,0,2,0,1,0,1,0,21,20,0.95
2057971,8493,Australia,61425,M. Milligan,5692.2,0,0,0,0,0,0,0,0,1,0,1,0,83,77,0.93
2057971,8493,Australia,61651,A. Behich,5692.2,0,0,0,1,0,0,1,0,1,0,0,0,49,43,0.88
2057971,8493,Australia,62389,A. Mooy,5692.2,0,0,0,1,0,1,0,0,1,0,0,0,75,69,0.92
2057971,8493,Australia,62743,J. Irvine,1371.4,0,0,0,0,0,0,0,0,0,0,0,0,8,3,0.38
2057971,8493,Australia,69978,T. Jurić,3180.8,0,0,0,0,0,0,0,0,0,0,0,0,9,5,0.56
2057971,8493,Australia,403613,D. Arzani,2211.4,0,0,0,1,0,1,0,0,1,0,1,0,10,8,0.8
2057971,15594,Peru,14909,P. Guerrero,5692.2,1,1,0,2,2,0,1,1,2,1,0,0,13,9,0.69
2057971,15594,Peru,70156,A. Carrillo,4740.8,1,0,0,1,1,1,0,0,0,0,0,0,24,18,0.75
2057971,15594,Peru,114617,C. Ramos,5692.2,0,0,0,0,0,0,0,0,0,0,0,0,38,35,0.92
2057971,15594,Peru,114624,P. Hurtado,1911.4,0,0,0,0,0,0,0,0,2,0,1,0,18,15,0.83
2057971,15594,Peru,114709,L. Advíncula,5692.2,0,0,0,0,0,0,0,0,2,0,0,0,41,36,0.88
2057971,15594,Peru,114723,Y. Yotún,2760.8,0,0,0,1,0,0,1,0,2,0,1,0,38,31,0.82
2057971,15594,Peru,114762,É. Flores,5692.2,0,0,0,0,0,0,0,0,1,0,0,0,23,16,0.7
2057971,15594,Peru,114798,P. Gallese,5692.2,0,0,0,0,0,0,0,0,0,0,0,0,23,18,0.78
2057971,15594,Peru,114813,C. Cueva,5692.2,0,1,0,0,0,0,0,0,0,0,0,0,34,29,0.85
2057971,15594,Peru,115146,M. Trauco,5692.2,0,0,0,0,0,0,0,0,0,0,0,0,60,52,0.87
2057971,15594,Peru,115353,A. Santamaría,5692.2,0,0,0,0,0,0,0,0,0,0,0,0,42,41,0.98
2057971,15594,Peru,139075,R. Tapia,3780.8,0,0,0,0,0,0,0,0,0,0,0,0,21,17,0.81
2057971,15594,Peru,139078,P. Aquino,2931.4,0,0,0,0,0,0,0,0,2,0,0,0,26,22,0.85
2057971,15594,Peru,139080,W. Cartagena,951.4,0,0,0,0,0,0,0,0,1,0,0,0,4,3,0.75
2057977,7839,Iceland,93,J. Guðmunds­son,5774.1,0,0,0,2,1,0,2,0,0,0,0,0,27,22,0.81
2057977,7839,Iceland,21314,E. Hallfreðsson,5774.1,0,0,0,1,0,0,1,0,2,0,1,0,36,31,0.86
2057977,7839,Iceland,37948,A. Finnbogason,5170.8,0,0,0,1,0,1,0,0,2,0,1,0,17,11,0.65
2057977,7839,Iceland,38084,B. Bjarnason,5470.8,0,0,0,4,1,3,1,0,0,0,0,0,28,20,0.71
2057977,7839,Iceland,54451,B. Sævarsson,5774.1,0,0,0,0,0,0,0,0,1,0,1,0,23,18,0.78
2057977,7839,Iceland,54495,B. Sigurðarson,1443.3,0,0,0,0,0,0,0,0,1,0,0,0,4,4,1.0
2057977,7839,Iceland,55983,R. Sigurðsson,4330.8,0,0,0,0,0,0,0,0,1,0,0,0,22,20,0.91
2057977,7839,Iceland,57226,H. Halldórsson,5774.1,0,0,0,0,0,0,0,0,0,0,0,0,13,11,0.85
2057977,7839,Iceland,57347,S. Ingason,5774.1,0,0,0,2,1,0,0,2,2,0,0,0,31,26,0.84
2057977,7839,Iceland,57480,A. Traustason,303.3,0,0,0,1,0,1,0,0,0,0,0,0,2,0,0.0
2057977,7839,Iceland,77521,A. Gunnarsson,5774.1,0,0,0,2,1,1,0,1,0,0,0,0,31,28,0.9
2057977,7839,Iceland,77558,G. Sigurðsson,5774.1,1,0,0,3,2,3,0,0,1,0,0,0,31,23,0.74
2057977,7839,Iceland,135207,H. Magnússon,5774.1,0,0,0,1,0,0,0,1,1,0,0,0,23,14,0.61
2057977,7839,Iceland,216568,A. Gudmundsson,603.3,0,0,0,0,0,0,0,0,0,0,0,0,2,0,0.0
2057977,9598,Croatia,3476,I. Rakitić,783.3,0,0,0,2,0,2,0,0,0,0,0,0,5,4,0.8
2057977,9598,Croatia,8287,L. Modrić,3970.8,0,0,0,1,0,1,0,0,0,0,0,0,52,48,0.92
2057977,9598,Croatia,14771,V. Ćorluka,5774.1,0,0,0,0,0,0,0,0,2,0,0,0,47,43,0.91
2057977,9598,Croatia,14812,I. Perišić,5774.1,1,0,0,3,1,0,3,0,0,0,0,0,31,21,0.68
2057977,9598,Croatia,25393,D. Lovren,1563.3,0,0,0,0,0,0,0,0,1,0,0,0,2,1,0.5
2057977,9598,Croatia,69353,L. Kalinić,5774.1,0,0,0,0,0,0,0,0,0,0,0,0,14,11,0.79
2057977,9598,Croatia,69400,M. Badelj,5774.1,1,1,0,2,1,2,0,0,3,0,0,0,70,62,0.89
2057977,9598,Croatia,69404,M. Kovačić,4990.8,0,0,0,1,0,1,0,0,1,0,0,0,77,77,1.0
2057977,9598,Croatia,69411,A. Kramarić,5774.1,0,0,0,2,0,1,1,0,1,1,0,0,44,39,0.89
2057977,9598,Croatia,69964,J. Pivarić,5774.1,0,0,0,0,0,0,0,0,1,0,0,0,57,49,0.86
2057977,9598,Croatia,135810,M. Pjaca,4210.8,0,0,0,1,0,1,0,0,1,0,1,0,23,19,0.83
2057977,9598,Croatia,212604,T. Jedvaj,5774.1,0,0,0,0,0,0,0,0,1,0,1,0,36,30,0.83
2057977,9598,Croatia,230626,D. Ćaleta-Car,5774.1,0,0,0,0,0,0,0,0,0,1,0,0,36,33,0.92
2057977,9598,Croatia,231713,F. Bradarić,1803.3,0,0,0,0,0,0,0,0,0,0,0,0,11,11,1.0
2057976,12274,Argentina,3280,É. Banega,5792.8,0,1,0,0,0,0,0,0,3,0,1,0,91,82,0.9
2057976,12274,Argentina,3314,Á. di María,4389.8,0,0,0,1,0,0,1,0,0,2,0,0,19,13,0.68
2057976,12274,Argentina,3323,G. Higuaín,5792.8,0,0,0,2,1,1,1,0,2,0,0,0,26,21,0.81
2057976,12274,Argentina,3355,J. Mascherano,5792.8,0,0,0,0,0,0,0,0,2,0,1,0,82,73,0.89
2057976,12274,Argentina,3359,L. Messi,5792.8,1,0,0,2,2,1,1,0,2,0,1,0,63,48,0.76
2057976,12274,Argentina,70086,N. Otamendi,5792.8,0,0,0,0,0,0,0,0,0,0,0,0,66,57,0.86
2057976,12274,Argentina,86220,G. Mercado,5792.8,0,1,0,0,0,0,0,0,1,0,0,0,47,38,0.81
2057976,12274,Argentina,86234,E. Pérez,3729.8,0,0,0,0,0,0,0,0,2,0,0,0,34,34,1.0
2057976,12274,Argentina,86722,N. Tagliafico,4869.8,0,0,0,1,0,0,1,0,1,0,0,0,41,32,0.78
2057976,12274,Argentina,90991,F. Armani,5792.8,0,0,0,0,0,0,0,0,0,0,0,0,20,14,0.7
2057976,12274,Argentina,101652,M. Rojo,5792.8,1,0,0,1,1,1,0,0,2,0,0,0,53,46,0.87
2057976,12274,Argentina,146459,M. Meza,1403.1,0,0,0,0,0,0,0,0,0,0,0,0,7,6,0.86
2057976,12274,Argentina,285396,C. Pavón,2063.1,0,0,0,0,0,0,0,0,1,0,0,0,15,11,0.73
2057976,16823,Nigeria,12,K. Omeruo,5469.8,0,0,0,0,0,0,0,0,1,0,0,0,24,19,0.79
2057976,16823,Nigeria,5295,O. Ighalo,2963.1,0,0,0,2,1,2,0,0,3,0,0,0,3,3,1.0
2057976,16823,Nigeria,7898,J. Obi Mikel,5792.8,0,0,0,0,0,0,0,0,4,0,1,0,38,32,0.84
2057976,16823,Nigeria,8625,V. Moses,5792.8,1,0,0,1,1,1,0,0,2,0,0,0,16,12,0.75
2057976,16823,Nigeria,11093,W. Troost-Ekong,5792.8,0,0,0,0,0,0,0,0,0,0,0,0,16,14,0.88
2057976,16823,Nigeria,16443,L. Balogun,5792.8,0,0,0,1,1,0,0,1,2,0,1,0,19,13,0.68
2057976,16823,Nigeria,72397,Simy,203.1,0,0,0,0,0,0,0,0,1,0,0,0,0,0,0.0
2057976,16823,Nigeria,101606,A. Musa,5589.8,0,0,0,1,0,1,0,0,2,0,0,0,21,11,0.52
2057976,16823,Nigeria,209792,B. Idowu,5792.8,0,0,0,0,0,0,0,0,1,0,0,0,34,27,0.79
2057976,16823,Nigeria,230020,A. Iwobi,323.1,0,0,0,0,0,0,0,0,0,0,0,0,1,1,1.0
2057976,16823,Nigeria,265366,W. Ndidi,5792.8,0,0,0,1,0,1,0,0,2,0,0,0,35,30,0.86
2057976,16823,Nigeria,285491,F. Uzoho,5792.8,0,0,0,0,0,0,0,0,0,0,0,0,8,7,0.88
2057976,16823,Nigeria,285508,K. Iheanacho,2829.8,0,0,0,0,0,0,0,0,0,0,0,0,9,8,0.89
2057976,16823,Nigeria,424624,O. Etebo,5792.8,0,0,0,3,0,3,0,0,2,0,0,0,30,26,0.87
