,player_name,team_id,player_id,playing_time,goals,assists,own_goals,total_shots,shots_on_target,rfoot_shots,lfoot_shots,header_shots,fouls,offsides,yellow_cards,red_cards,total_passes,acc_passes,pass_accuracy,key_passes,interceptions,tackle,tackle_accuracy,clearances,successful_tackles,total_saves,successful_saves,save_rate,goals_per_90min,assists_per_90min,total_shots_per_90min,shots_on_target_per_90min,total_passes_per_90min,interceptions_per_90min,tackle_per_90min,clearances_per_90min,total_saves_per_90min,save_rate_per_90min
2,A. Badri,48828,84282,14734.6,0,0,0,2,2,0,2,0,4,1,1,0,84,75,2.72,1,9,26,1.64,2,15,0,0,0,0.0,0.0,0.7,0.7,30.8,3.3,9.5,0.7,0.0,0.0
3,A. Behich,25479,184953,17195.5,0,0,1,2,0,1,1,0,4,0,1,0,164,135,2.47,0,11,42,1.88,2,26,0,0,0,0.0,0.0,0.6,0.0,51.5,3.5,13.2,0.6,0.0,0.0
4,A. Beiranvand,32520,714093,17744.5,0,0,0,0,0,0,0,0,0,0,0,0,39,31,2.38,0,0,1,1.0,0,1,10,8,0,0.0,0.0,0.0,0.0,11.9,0.0,0.3,0.0,3.0,0.0
6,A. Carrillo,46782,210468,16395.1,1,0,0,3,2,2,1,0,2,1,0,0,101,81,2.39,2,5,67,2.05,0,45,0,0,0,0.3,0.0,1.0,0.7,33.3,1.6,22.1,0.0,0.0,0.0
7,A. Christensen,23136,405309,16382.3,0,0,0,0,0,0,0,0,2,0,0,0,148,141,2.85,0,18,12,2.67,13,11,0,0,0,0.0,0.0,0.0,0.0,48.8,5.9,4.0,4.3,0.0,0.0
8,A. Cooper,35858,172822,11612.7,0,0,0,1,0,1,0,0,4,0,2,0,71,62,1.75,3,4,34,1.2999999999999998,0,22,0,0,0,0.0,0.0,0.5,0.0,33.0,1.9,15.8,0.0,0.0,0.0
9,A. Cornelius,15424,270300,6056.9,0,0,0,1,1,0,0,1,2,0,0,0,17,10,1.18,1,1,15,1.16,0,11,0,0,0,0.0,0.0,0.9,0.9,15.2,0.9,13.4,0.0,0.0,0.0
11,A. Dzyuba,43074,305007,12028.2,2,0,0,4,2,1,1,2,11,2,0,0,42,33,2.39,1,4,50,1.75,2,28,0,0,0,0.9,0.0,1.8,0.9,18.9,1.8,22.4,0.9,0.0,0.0
12,A. Ekdal,21141,62628,15137.3,0,0,0,0,0,0,0,0,2,0,1,0,101,88,2.43,0,11,37,2.13,1,27,0,0,0,0.0,0.0,0.0,0.0,36.0,3.9,13.2,0.4,0.0,0.0
13,A. El Kaabi,32432,1105110,6117.9,0,0,0,1,0,0,1,0,2,0,0,0,5,4,1.67,0,0,3,1.5,1,2,0,0,0,0.0,0.0,0.9,0.0,4.4,0.0,2.6,0.9,0.0,0.0
14,A. Finnbogason,23517,113844,16407.1,1,0,0,5,2,3,2,0,7,0,1,0,49,39,2.4,0,7,41,1.7800000000000002,0,24,0,0,0,0.3,0.0,1.6,0.7,16.1,2.3,13.5,0.0,0.0,0.0
15,A. Godoy,53787,259242,15646.9,0,0,0,2,0,0,2,0,6,0,1,0,102,93,2.74,0,8,26,1.99,1,17,0,0,0,0.0,0.0,0.7,0.0,35.2,2.8,9.0,0.3,0.0,0.0
16,A. Golovin,28716,515600,11448.4,1,2,0,2,1,2,0,0,7,0,1,0,81,61,1.5,0,10,54,1.21,0,32,0,0,0,0.5,0.9,0.9,0.5,38.2,4.7,25.5,0.0,0.0,0.0
17,A. Granqvist,21141,63825,17492.8,2,0,0,4,3,3,0,1,6,0,0,0,113,99,2.53,0,27,13,1.4300000000000002,14,6,0,0,0,0.6,0.0,1.2,0.9,34.9,8.3,4.0,4.3,0.0,0.0
18,A. Griezmann,13254,11046,13226.4,1,0,0,8,5,4,4,0,3,1,0,0,94,68,2.12,2,1,20,2.49,0,17,0,0,0,0.4,0.0,3.3,2.0,38.4,0.4,8.2,0.0,0.0,0.0
19,A. Guardado,46419,10152,13133.7,0,0,0,5,1,1,4,0,2,0,0,0,89,80,2.7,1,9,29,2.21,4,20,0,0,0,0.0,0.0,2.1,0.4,36.6,3.7,11.9,1.6,0.0,0.0
21,A. Gunnarsson,23517,232563,15641.1,0,0,0,2,1,1,0,1,1,0,0,0,81,67,2.43,0,10,30,1.7,2,17,0,0,0,0.0,0.0,0.7,0.3,28.0,3.5,10.4,0.7,0.0,0.0
22,A. Hakimi,48648,1189425,17681.0,0,0,0,1,0,1,0,0,3,0,1,0,101,83,2.52,1,12,38,1.97,8,25,0,0,0,0.0,0.0,0.3,0.0,30.8,3.7,11.6,2.4,0.0,0.0
25,A. Jahanbakhsh,32520,238143,10630.7,0,0,0,2,1,2,0,0,5,0,1,0,44,29,1.99,1,7,27,1.69,2,15,0,0,0,0.0,0.0,1.0,0.5,22.4,3.6,13.7,1.0,0.0,0.0
27,A. Jędrzejczyk,13869,99381,5645.1,0,0,0,0,0,0,0,0,2,0,0,0,38,31,0.82,1,2,15,0.67,1,10,0,0,0,0.0,0.0,0.0,0.0,36.4,1.9,14.3,1.0,0.0,0.0
29,A. Kolarov,51966,24918,17540.5,1,0,0,2,1,0,2,0,6,0,0,0,110,85,2.29,1,16,24,1.7600000000000002,4,13,0,0,0,0.3,0.0,0.6,0.3,33.9,4.9,7.4,1.2,0.0,0.0
30,A. Kramarić,28794,208233,11768.6,0,0,0,4,0,2,1,1,1,3,0,0,69,56,2.36,1,1,19,1.82,1,12,0,0,0,0.0,0.0,1.8,0.0,31.7,0.5,8.7,0.5,0.0,0.0
31,A. Ljajić,51966,62823,10760.5,0,0,0,1,0,1,0,0,1,0,1,0,73,59,2.49,0,2,25,2.29,0,18,0,0,0,0.0,0.0,0.5,0.0,36.6,1.0,12.5,0.0,0.0,0.0
32,A. Machado,17929,125848,5975.2,0,0,0,0,0,0,0,0,0,0,0,0,29,21,0.72,0,3,7,0.71,2,5,0,0,0,0.0,0.0,0.0,0.0,26.2,2.7,6.3,1.8,0.0,0.0
33,A. Mathlouthi,16276,120898,5975.2,0,0,0,0,0,0,0,0,0,0,0,0,27,24,0.89,0,1,1,1.0,0,1,5,4,0,0.0,0.0,0.0,0.0,24.4,0.9,0.9,0.0,4.5,0.0
34,A. Maâloul,32552,241678,11587.9,0,0,0,0,0,0,0,0,1,0,0,0,100,85,1.7,0,9,13,1.21,3,8,0,0,0,0.0,0.0,0.0,0.0,46.6,4.2,6.1,1.4,0.0,0.0
36,A. Mitrović,51966,384642,17029.1,1,0,0,14,5,4,1,9,7,3,2,0,46,30,1.94,0,7,47,2.03,5,34,0,0,0,0.3,0.0,4.4,1.6,14.6,2.2,14.9,1.6,0.0,0.0
37,A. Mooy,25479,187167,17195.5,0,0,0,3,0,2,1,0,4,0,0,0,189,165,2.6100000000000003,1,14,26,1.67,6,14,0,0,0,0.0,0.0,0.9,0.0,59.4,4.4,8.2,1.9,0.0,0.0
38,A. Musa,50469,304818,13470.1,2,0,0,4,2,4,0,0,5,1,0,0,52,37,2.11,0,2,40,1.91,1,28,0,0,0,0.8,0.0,1.6,0.8,20.8,0.8,16.0,0.4,0.0,0.0
39,A. N'Diaye,38628,65586,9174.8,0,0,0,0,0,0,0,0,2,0,0,0,44,37,1.73,0,5,11,1.0699999999999998,2,6,0,0,0,0.0,0.0,0.0,0.0,25.9,2.9,6.5,1.2,0.0,0.0
40,A. Nabbout,16986,476110,8407.9,0,0,0,0,0,0,0,0,1,0,0,0,14,13,1.91,0,0,9,1.35,0,6,0,0,0,0.0,0.0,0.0,0.0,9.0,0.0,5.8,0.0,0.0,0.0
42,A. Rebić,19196,139232,8215.9,1,0,0,3,1,3,0,0,10,0,1,0,39,25,1.1800000000000002,1,4,44,1.24,0,27,0,0,0,0.7,0.0,2.0,0.7,25.6,2.6,28.9,0.0,0.0,0.0
43,A. Rodríguez,31188,140288,8687.3,0,0,0,1,0,0,0,1,1,0,0,0,55,53,1.93,0,7,10,1.4,1,7,0,0,0,0.0,0.0,0.6,0.0,34.2,4.4,6.2,0.6,0.0,0.0
44,A. Rukavina,34644,30428,6258.1,0,0,0,0,0,0,0,0,2,0,0,0,43,39,1.89,0,5,12,1.1,3,7,0,0,0,0.0,0.0,0.0,0.0,37.1,4.3,10.4,2.6,0.0,0.0
45,A. Rüdiger,3148,14748,5942.7,0,0,0,0,0,0,0,0,2,0,0,0,83,79,0.95,0,2,5,0.2,3,1,0,0,0,0.0,0.0,0.0,0.0,75.4,1.8,4.5,2.7,0.0,0.0
46,A. Samedov,43074,305097,15347.3,0,0,0,2,0,2,0,0,3,0,0,0,104,89,2.57,2,8,33,2.35,2,24,0,0,0,0.0,0.0,0.7,0.0,36.6,2.8,11.6,0.7,0.0,0.0
47,A. Santamaría,31188,230706,8659.2,0,0,0,0,0,0,0,0,0,0,0,0,77,74,1.92,0,6,14,0.8800000000000001,2,7,0,0,0,0.0,0.0,0.0,0.0,48.0,3.7,8.7,1.2,0.0,0.0
48,A. Shehu,16823,265368,5757.7,0,0,0,0,0,0,0,0,1,0,0,0,35,33,0.94,0,11,7,0.57,3,4,0,0,0,0.0,0.0,0.0,0.0,32.8,10.3,6.6,2.8,0.0,0.0
51,A. Uribe,24860,183004,9132.3,0,0,0,1,1,1,0,0,2,0,0,0,66,59,1.79,0,5,27,0.88,1,12,0,0,0,0.0,0.0,0.6,0.6,39.0,3.0,16.0,0.6,0.0,0.0
52,A. Witsel,11258,140246,11229.6,0,0,0,3,0,2,1,0,5,0,0,0,114,107,1.88,0,6,23,1.04,1,12,0,0,0,0.0,0.0,1.4,0.0,54.8,2.9,11.1,0.5,0.0,0.0
53,A. Young,4826,15878,11665.2,0,0,0,1,0,1,0,0,3,0,0,0,91,81,1.78,0,6,15,1.0699999999999998,0,8,0,0,0,0.0,0.0,0.5,0.0,42.1,2.8,6.9,0.0,0.0,0.0
55,Abdallah Said,48387,360501,14572.7,0,1,0,1,0,1,0,0,0,0,0,0,138,110,2.29,1,11,32,1.84,1,20,0,0,0,0.0,0.4,0.4,0.0,51.1,4.1,11.9,0.4,0.0,0.0
56,Abdullah Al Mayouf,16521,122561,5802.5,0,0,0,0,0,0,0,0,0,0,0,0,30,27,0.9,0,3,0,0.0,0,0,7,2,0,0.0,0.0,0.0,0.0,27.9,2.8,0.0,0.0,6.5,0.0
57,Abdullah Otayf,49563,418179,15732.8,0,1,0,2,0,2,0,0,3,0,0,0,263,241,2.74,0,16,42,1.81,3,26,0,0,0,0.0,0.3,0.7,0.0,90.3,5.5,14.4,1.0,0.0,0.0
58,Adrien Silva,29715,211209,7410.4,0,0,0,1,0,1,0,0,2,0,1,0,107,101,1.72,1,6,16,1.3199999999999998,0,11,0,0,0,0.0,0.0,0.7,0.0,78.0,4.4,11.7,0.0,0.0,0.0
59,Ahmed Fathy,48387,360468,17554.2,0,0,1,1,1,1,0,0,6,0,1,0,136,113,2.47,0,18,61,1.62,8,33,0,0,0,0.0,0.0,0.3,0.3,41.8,5.5,18.8,2.5,0.0,0.0
60,Ahmed Hegazy,48387,359853,17554.2,0,0,0,0,0,0,0,0,2,0,1,0,125,100,2.4,0,26,26,1.85,16,16,0,0,0,0.0,0.0,0.0,0.0,38.5,8.0,8.0,4.9,0.0,0.0
62,Ali Al Bulayhi,16521,398219,5762.8,0,0,0,0,0,0,0,0,0,0,0,0,42,35,0.83,0,7,4,0.5,2,2,0,0,0,0.0,0.0,0.0,0.0,39.4,6.6,3.7,1.9,0.0,0.0
63,Ali Gabr,48387,594360,17554.2,0,0,0,1,0,0,0,1,2,0,1,0,82,74,2.71,0,15,16,1.86,14,10,0,0,0,0.0,0.0,0.3,0.0,25.2,4.6,4.9,4.3,0.0,0.0
64,Alisson,19140,642660,17547.0,0,0,0,0,0,0,0,0,0,0,0,0,36,35,2.9,0,6,0,0.0,0,0,4,3,0,0.0,0.0,0.0,0.0,11.1,1.8,0.0,0.0,1.2,0.0
65,Amr Warda,48387,1166784,9778.5,0,0,0,2,0,1,1,0,1,0,0,0,57,38,2.01,0,10,21,2.43,3,17,0,0,0,0.0,0.0,1.1,0.0,31.5,5.5,11.6,1.7,0.0,0.0
66,André Silva,9905,135927,5885.6,0,0,0,1,0,1,0,0,1,1,0,0,24,21,0.88,0,0,10,0.8,1,8,0,0,0,0.0,0.0,0.9,0.0,22.0,0.0,9.2,0.9,0.0,0.0
67,B. Bereszyński,41607,299499,10891.1,0,0,0,0,0,0,0,0,4,0,0,0,61,53,2.5,1,12,26,1.04,1,13,0,0,0,0.0,0.0,0.0,0.0,30.2,5.9,12.9,0.5,0.0,0.0
68,B. Bjarnason,23517,114252,17128.1,0,0,0,7,1,5,2,0,5,0,0,0,64,48,2.25,1,7,38,1.86,0,22,0,0,0,0.0,0.0,2.2,0.3,20.2,2.2,12.0,0.0,0.0,0.0
69,B. Džemaili,20091,63507,16117.6,1,0,0,7,3,5,2,0,7,0,0,0,68,56,2.51,1,5,48,1.95,0,29,0,0,0,0.3,0.0,2.3,1.0,22.8,1.7,16.1,0.0,0.0,0.0
70,B. Embolo,20091,848316,8257.599999999999,0,1,0,2,2,2,0,0,2,0,0,0,33,25,1.45,0,2,34,1.82,1,23,0,0,0,0.0,0.7,1.3,1.3,21.6,1.3,22.2,0.7,0.0,0.0
71,B. Idowu,50469,629376,14373.0,0,0,0,0,0,0,0,0,3,0,1,0,78,63,2.47,0,11,32,2.26,0,24,0,0,0,0.0,0.0,0.0,0.0,29.3,4.1,12.0,0.0,0.0,0.0
72,B. Ivanović,34644,15782,11843.7,0,0,0,0,0,0,0,0,1,0,1,0,70,56,1.62,0,10,27,1.35,5,18,0,0,0,0.0,0.0,0.0,0.0,31.9,4.6,12.3,2.3,0.0,0.0
74,B. Matuidi,8836,50874,6887.7,0,0,0,1,0,0,1,0,4,0,1,0,43,33,1.56,0,3,30,0.92,0,13,0,0,0,0.0,0.0,0.8,0.0,33.7,2.4,23.5,0.0,0.0,0.0
77,B. Oviedo,33742,111964,11724.7,0,0,0,2,1,0,2,0,4,0,0,0,55,43,1.56,0,15,28,0.93,3,12,0,0,0,0.0,0.0,0.9,0.5,25.3,6.9,12.9,1.4,0.0,0.0
78,B. Pavard,8836,681292,11581.9,0,0,0,1,0,1,0,0,6,0,0,0,109,84,1.55,1,11,19,1.07,8,10,0,0,0,0.0,0.0,0.5,0.0,50.8,5.1,8.9,3.7,0.0,0.0
79,B. Pérez,35858,227034,10286.9,0,0,0,1,0,0,1,0,1,1,0,0,32,23,1.46,0,3,7,1.42,0,5,0,0,0,0.0,0.0,0.5,0.0,16.8,1.6,3.7,0.0,0.0,0.0
80,B. Ruiz,50613,33465,17701.4,0,0,0,2,0,0,2,0,3,1,0,0,123,100,2.44,2,11,51,1.72,1,29,0,0,0,0.0,0.0,0.6,0.0,37.5,3.4,15.6,0.3,0.0,0.0
83,B. Sævarsson,23517,163353,17431.4,0,0,0,0,0,0,0,0,1,0,1,0,70,55,2.4,0,19,29,1.79,10,17,0,0,0,0.0,0.0,0.0,0.0,21.7,5.9,9.0,3.1,0.0,0.0
84,Bernardo Silva,29715,797019,9506.7,0,0,0,0,0,0,0,0,1,0,0,0,48,35,2.42,1,6,37,2.03,2,24,0,0,0,0.0,0.0,0.0,0.0,27.3,3.4,21.0,1.1,0.0,0.0
85,Bruno Fernandes,19810,487176,5644.2,0,0,0,3,0,3,0,0,1,0,1,0,33,24,1.45,1,8,11,0.8300000000000001,0,5,0,0,0,0.0,0.0,2.9,0.0,31.6,7.7,10.5,0.0,0.0,0.0
88,C. Borges,50613,153012,17701.4,0,0,0,5,2,4,0,1,2,0,0,0,124,107,2.58,0,9,20,1.59,4,11,0,0,0,0.0,0.0,1.5,0.6,37.8,2.7,6.1,1.2,0.0,0.0
89,C. Cueva,46782,344439,16539.5,0,1,0,2,0,2,0,0,0,2,0,0,131,107,2.47,6,8,44,2.14,1,32,0,0,0,0.0,0.3,0.7,0.0,42.8,2.6,14.4,0.3,0.0,0.0
90,C. Eriksen,23136,162,17268.300000000003,1,1,0,8,3,5,3,0,1,0,0,0,111,86,2.34,1,8,40,1.54,4,22,0,0,0,0.3,0.3,2.5,0.9,34.7,2.5,12.5,1.3,0.0,0.0
91,C. Gamboa,50613,167931,16071.0,0,0,0,3,2,2,1,0,5,0,1,0,84,66,2.3600000000000003,0,5,41,1.6800000000000002,4,24,0,0,0,0.0,0.0,1.0,0.7,28.2,1.7,13.8,1.3,0.0,0.0
92,C. Kouyaté,57942,113175,8109.4,0,0,0,0,0,0,0,0,1,0,0,0,34,30,2.73,0,2,14,1.29,1,10,0,0,0,0.0,0.0,0.0,0.0,22.6,1.3,9.3,0.7,0.0,0.0
94,C. Pavón,36822,856188,5669.4,0,0,0,1,0,1,0,0,1,0,0,0,35,24,2.03,0,1,13,2.46,0,10,0,0,0,0.0,0.0,1.0,0.0,33.3,1.0,12.4,0.0,0.0,0.0
95,C. Ramos,46782,343851,17346.5,0,0,0,1,0,0,1,0,0,1,0,0,118,103,2.63,1,13,25,1.77,10,15,0,0,0,0.0,0.0,0.3,0.0,36.7,4.0,7.8,3.1,0.0,0.0
96,C. Rodríguez,47010,210285,7240.3,0,0,0,2,2,0,2,0,1,0,0,0,52,35,2.01,0,5,13,1.41,0,6,0,0,0,0.0,0.0,1.5,1.5,38.8,3.7,9.7,0.0,0.0,0.0
97,C. Salcedo,46419,766161,17236.3,0,0,0,3,0,2,0,1,3,0,0,0,154,138,2.65,0,28,15,1.05,15,5,0,0,0,0.0,0.0,0.9,0.0,48.2,8.8,4.7,4.7,0.0,0.0
98,C. Sánchez,56200,225716,13269.0,0,2,0,3,1,2,0,1,5,0,0,1,96,78,3.08,1,7,26,3.05,4,15,0,0,0,0.0,0.8,1.2,0.4,39.1,2.8,10.6,1.6,0.0,0.0
100,C. Vela,46419,11055,13920.2,1,0,0,8,1,0,7,1,3,0,0,0,82,67,2.44,3,1,40,2.38,0,31,0,0,0,0.4,0.0,3.1,0.4,31.8,0.4,15.5,0.0,0.0,0.0
101,Casemiro,19140,122268,15324.9,0,0,0,4,2,3,0,1,2,0,1,0,202,179,2.7,1,24,35,2.06,7,24,0,0,0,0.0,0.0,1.4,0.7,71.2,8.5,12.3,2.5,0.0,0.0
102,Cristiano Ronaldo,29715,9966,17672.4,4,0,0,15,6,13,1,1,3,1,1,0,78,67,2.53,2,6,37,2.43,5,29,0,0,0,1.2,0.0,4.6,1.8,23.8,1.8,11.3,1.5,0.0,0.0
103,Cédric Soares,29715,211167,17672.4,0,0,0,0,0,0,0,0,7,0,1,0,137,103,2.25,2,15,41,1.87,4,25,0,0,0,0.0,0.0,0.0,0.0,41.9,4.6,12.5,1.2,0.0,0.0
106,D. Boyata,16887,24102,17128.5,0,0,0,0,0,0,0,0,4,0,0,0,186,178,2.85,0,15,12,1.57,14,6,0,0,0,0.0,0.0,0.0,0.0,58.6,4.7,3.8,4.4,0.0,0.0
107,D. Bronn,32552,591494,7251.9,1,0,0,1,1,0,0,1,1,0,0,0,49,40,1.5499999999999998,1,5,11,0.8300000000000001,2,5,0,0,0,0.7,0.0,0.7,0.7,36.5,3.7,8.2,1.5,0.0,0.0
108,D. Cheryshev,43074,13539,11025.1,3,0,1,8,5,2,5,1,5,0,0,0,61,39,1.85,0,10,30,1.8,0,17,0,0,0,1.5,0.0,3.9,2.4,29.9,4.9,14.7,0.0,0.0,0.0
109,D. Colindres,33742,250546,6401.7,0,0,0,3,0,2,1,0,3,0,0,0,33,18,1.5,1,4,27,1.6800000000000002,0,20,0,0,0,0.0,0.0,2.5,0.0,27.8,3.4,22.8,0.0,0.0,0.0
110,D. Godín,47010,10299,17402.5,0,0,0,2,1,1,0,1,3,1,0,0,162,142,2.64,1,10,32,2.0700000000000003,8,23,0,0,0,0.0,0.0,0.6,0.3,50.3,3.1,9.9,2.5,0.0,0.0
111,D. Guzmán,50613,375780,14899.6,0,0,0,1,0,1,0,0,7,0,1,0,114,95,2.47,0,14,34,1.56,7,18,0,0,0,0.0,0.0,0.4,0.0,41.3,5.1,12.3,2.5,0.0,0.0
113,D. Kuzyaev,43074,662913,6138.2,0,0,0,1,0,1,0,0,4,0,0,0,40,37,2.79,0,4,13,1.1,1,7,0,0,0,0.0,0.0,0.9,0.0,35.2,3.5,11.4,0.9,0.0,0.0
114,D. Laxalt,31340,232538,7960.0,0,0,0,1,0,0,1,0,2,0,0,0,64,51,1.63,0,0,11,0.94,0,5,0,0,0,0.0,0.0,0.7,0.0,43.4,0.0,7.5,0.0,0.0,0.0
115,D. Lovren,28794,76179,13093.0,0,0,0,0,0,0,0,0,2,0,0,0,96,87,2.35,0,18,9,0.5,6,2,0,0,0,0.0,0.0,0.0,0.0,39.6,7.4,3.7,2.5,0.0,0.0
116,D. Mertens,16887,366,10810.2,1,1,0,5,3,5,0,0,2,2,0,0,70,53,2.48,5,6,17,2.46,0,13,0,0,0,0.5,0.5,2.5,1.5,35.0,3.0,8.5,0.0,0.0,0.0
117,D. Ospina,37290,76986,17542.2,0,0,0,0,0,0,0,0,0,0,0,0,66,55,2.47,0,4,2,2.0,0,2,12,10,0,0.0,0.0,0.0,0.0,20.3,1.2,0.6,0.0,3.7,0.0
118,D. Rose,4826,16584,7114.1,0,0,0,0,0,0,0,0,1,1,0,0,41,33,1.67,0,2,31,1.31,2,20,0,0,0,0.0,0.0,0.0,0.0,31.1,1.5,23.5,1.5,0.0,0.0
120,D. Sidibé,4418,26196,5692.6,0,0,0,0,0,0,0,0,1,0,0,0,96,80,0.83,2,3,9,0.44,0,4,0,0,0,0.0,0.0,0.0,0.0,91.1,2.8,8.5,0.0,0.0,0.0
121,D. Subašić,19196,271494,11529.7,0,0,0,0,0,0,0,0,0,0,0,0,46,41,1.7799999999999998,0,0,1,1.0,0,1,5,5,0,0.0,0.0,0.0,0.0,21.5,0.0,0.5,0.0,2.3,0.0
122,D. Sánchez,37290,773286,17542.2,0,0,0,0,0,0,0,0,1,0,0,0,140,120,2.54,0,15,27,2.03,7,19,0,0,0,0.0,0.0,0.0,0.0,43.1,4.6,8.3,2.2,0.0,0.0
123,D. Tadić,51966,1149,17540.5,0,1,0,3,1,1,2,0,3,0,0,0,84,68,2.42,3,10,83,1.77,2,49,0,0,0,0.0,0.3,0.9,0.3,25.9,3.1,25.6,0.6,0.0,0.0
124,D. Tošić,34644,255060,11282.3,0,0,0,0,0,0,0,0,3,0,0,0,83,73,1.76,0,10,20,1.4,4,14,0,0,0,0.0,0.0,0.0,0.0,39.7,4.8,9.6,1.9,0.0,0.0
125,D. Vida,19196,138792,11529.7,0,0,0,0,0,0,0,0,0,0,0,0,72,56,1.54,0,6,12,0.44,3,4,0,0,0,0.0,0.0,0.0,0.0,33.7,2.8,5.6,1.4,0.0,0.0
128,D. Ćaleta-Car,9598,230626,5774.1,0,0,0,0,0,0,0,0,0,1,0,0,36,33,0.92,0,5,6,0.83,7,5,0,0,0,0.0,0.0,0.0,0.0,33.7,4.7,5.6,6.5,0.0,0.0
129,Daniel Carvajal,3196,9002,11741.1,0,1,0,1,0,1,0,0,2,0,0,0,118,105,1.77,0,5,33,1.38,0,23,0,0,0,0.0,0.5,0.5,0.0,54.3,2.3,15.2,0.0,0.0,0.0
130,Danilo,6380,70083,5902.4,0,0,0,0,0,0,0,0,0,0,0,0,54,48,0.89,0,2,9,0.67,1,6,0,0,0,0.0,0.0,0.0,0.0,49.4,1.8,8.2,0.9,0.0,0.0
131,David Silva,4794,24951,16101.3,0,0,0,8,1,1,7,0,3,1,0,0,170,153,2.68,0,4,24,1.52,2,14,0,0,0,0.0,0.0,2.7,0.3,57.0,1.3,8.0,0.7,0.0,0.0
132,David de Gea,4794,23730,17494.9,0,0,0,0,0,0,0,0,0,0,0,0,41,40,2.9,0,2,0,0.0,0,0,6,1,0,0.0,0.0,0.0,0.0,12.7,0.6,0.0,0.0,1.9,0.0
133,Diego Costa,4794,13014,14598.9,3,0,0,5,3,3,2,0,2,0,0,0,49,45,2.74,1,4,28,1.58,3,15,0,0,0,1.1,0.0,1.8,1.1,18.1,1.5,10.4,1.1,0.0,0.0
135,E. Cavani,47010,63522,17261.0,1,0,0,13,4,7,5,1,3,0,0,0,70,58,2.44,2,4,34,2.08,1,24,0,0,0,0.3,0.0,4.1,1.3,21.9,1.3,10.6,0.3,0.0,0.0
136,E. Davis,35858,232728,11612.7,0,0,0,0,0,0,0,0,5,0,1,0,107,87,1.61,0,5,17,1.05,4,9,0,0,0,0.0,0.0,0.0,0.0,49.8,2.3,7.9,1.9,0.0,0.0
137,E. Dier,2413,210044,5593.1,0,0,0,0,0,0,0,0,3,0,0,0,59,55,0.93,1,2,9,0.44,2,4,0,0,0,0.0,0.0,0.0,0.0,57.0,1.9,8.7,1.9,0.0,0.0
138,E. Forsberg,21141,153396,17492.8,0,0,0,11,2,8,3,0,2,0,0,0,63,51,2.3600000000000003,0,11,44,1.77,2,25,0,0,0,0.0,0.0,3.4,0.6,19.4,3.4,13.6,0.6,0.0,0.0
139,E. Hajsafi,32520,237744,13647.3,0,0,0,2,0,1,1,0,1,0,1,0,49,34,2.29,0,12,22,1.71,10,13,0,0,0,0.0,0.0,0.8,0.0,19.4,4.7,8.7,4.0,0.0,0.0
140,E. Hallfreðsson,15678,42628,11539.6,0,0,0,1,0,0,1,0,3,0,1,0,62,54,1.74,0,8,36,1.0,0,18,0,0,0,0.0,0.0,0.5,0.0,29.0,3.7,16.8,0.0,0.0,0.0
141,E. Hazard,11258,51414,9970.3,2,1,0,8,4,5,3,0,1,0,0,0,61,50,1.65,1,9,39,1.48,0,29,0,0,0,1.1,0.5,4.3,2.2,33.0,4.9,21.1,0.0,0.0,0.0
142,E. Kawashima,38739,113688,17105.5,0,0,0,0,0,0,0,0,1,0,1,0,58,53,2.74,0,3,0,0.0,0,0,13,9,0,0.0,0.0,0.0,0.0,18.3,0.9,0.0,0.0,4.1,0.0
143,E. Pérez,24548,172468,7886.5,0,0,0,1,0,0,1,0,3,0,0,0,79,75,1.91,1,3,14,0.8300000000000001,0,6,0,0,0,0.0,0.0,0.7,0.0,54.1,2.1,9.6,0.0,0.0,0.0
144,E. Salvio,24548,6890,9192.2,0,0,0,1,0,0,1,0,0,0,0,0,93,78,1.66,1,8,19,1.54,3,15,0,0,0,0.0,0.0,0.6,0.0,54.6,4.7,11.2,1.8,0.0,0.0
145,E. Skhiri,48828,740838,17563.1,0,0,0,0,0,0,0,0,6,0,0,0,160,147,2.75,0,9,46,1.83,2,26,0,0,0,0.0,0.0,0.0,0.0,49.2,2.8,14.1,0.6,0.0,0.0
146,E. Álvarez,46419,1344630,13753.7,0,0,1,0,0,0,0,0,2,0,0,0,125,111,2.53,1,17,34,1.64,4,20,0,0,0,0.0,0.0,0.0,0.0,49.1,6.7,13.3,1.6,0.0,0.0
147,Essam El Hadary,16129,120269,6070.8,0,0,0,0,0,0,0,0,0,0,0,0,11,9,0.82,0,3,0,0.0,0,0,7,5,0,0.0,0.0,0.0,0.0,9.8,2.7,0.0,0.0,6.2,0.0
148,F. Armani,12274,90991,5792.8,0,0,0,0,0,0,0,0,0,0,0,0,20,14,0.7,0,3,0,0.0,1,0,3,2,0,0.0,0.0,0.0,0.0,18.6,2.8,0.0,0.9,2.8,0.0
150,F. Ben Mustapha,32552,241568,10687.9,0,0,0,0,0,0,0,0,0,0,0,0,34,29,1.68,0,5,3,0.33,3,1,12,7,0,0.0,0.0,0.0,0.0,17.2,2.5,1.5,1.5,6.1,0.0
151,F. Ben Youssef,48828,628062,17563.1,1,0,0,7,2,4,0,3,3,0,0,0,94,71,2.25,2,12,17,2.3,8,13,0,0,0,0.3,0.0,2.2,0.6,28.9,3.7,5.2,2.5,0.0,0.0
153,F. Calvo,33742,251024,7420.7,0,0,0,1,0,1,0,0,1,0,1,0,44,35,1.55,0,7,20,1.59,4,13,0,0,0,0.0,0.0,0.7,0.0,32.0,5.1,14.6,2.9,0.0,0.0
154,F. Delph,4826,16928,7534.1,0,0,0,2,0,0,2,0,1,1,0,0,65,55,1.7,0,1,25,0.99,0,13,0,0,0,0.0,0.0,1.4,0.0,46.6,0.7,17.9,0.0,0.0,0.0
155,F. Escobar,53787,821049,17587.9,0,0,0,1,1,1,0,0,6,0,1,0,90,79,2.58,0,15,16,2.1,5,10,0,0,0,0.0,0.0,0.3,0.3,27.6,4.6,4.9,1.5,0.0,0.0
157,F. Kostić,51966,383388,10616.1,0,0,0,2,0,0,2,0,4,0,0,0,46,31,1.67,0,4,38,1.7000000000000002,1,25,0,0,0,0.0,0.0,1.0,0.0,23.4,2.0,19.3,0.5,0.0,0.0
158,F. Kudryashov,28716,203294,6345.5,0,0,0,0,0,0,0,0,3,0,0,0,42,38,1.9,0,1,9,0.79,0,3,0,0,0,0.0,0.0,0.0,0.0,35.7,0.9,7.7,0.0,0.0,0.0
159,F. Muslera,47010,97923,17402.5,0,0,0,0,0,0,0,0,0,0,0,0,51,47,2.75,0,3,0,0.0,0,0,7,7,0,0.0,0.0,0.0,0.0,15.8,0.9,0.0,0.0,2.2,0.0
160,F. Sassi,48828,362559,12311.3,1,0,0,5,1,5,0,0,6,0,2,0,151,131,2.61,1,7,27,1.38,2,12,0,0,0,0.4,0.0,2.2,0.4,66.2,3.1,11.8,0.9,0.0,0.0
161,F. Schär,20091,150306,17546.3,0,0,0,1,0,0,0,1,4,0,2,0,210,181,2.5700000000000003,0,13,25,1.89,11,16,0,0,0,0.0,0.0,0.3,0.0,64.6,4.0,7.7,3.4,0.0,0.0
162,F. Smolov,43074,305121,7354.0,0,0,0,0,0,0,0,0,3,2,1,0,43,34,2.41,1,1,36,2.01,0,24,0,0,0,0.0,0.0,0.0,0.0,31.6,0.7,26.4,0.0,0.0,0.0
163,F. Uzoho,50469,856473,17442.3,0,0,0,0,0,0,0,0,0,0,0,0,44,33,2.35,0,3,0,0.0,2,0,10,6,0,0.0,0.0,0.0,0.0,13.6,0.9,0.0,0.6,3.1,0.0
164,Fahad Al Muwallad,49563,367869,11667.6,0,0,0,2,0,2,0,0,4,2,0,0,20,14,1.96,0,2,24,2.19,0,15,0,0,0,0.0,0.0,0.9,0.0,9.3,0.9,11.1,0.0,0.0,0.0
167,Fágner,12760,81414,11644.6,0,0,0,0,0,0,0,0,2,0,0,0,143,126,1.74,0,8,18,1.58,3,14,0,0,0,0.0,0.0,0.0,0.0,66.3,3.7,8.3,1.4,0.0,0.0
168,G. Cahill,2413,7887,5593.1,0,0,0,0,0,0,0,0,1,0,0,0,43,42,0.98,0,3,7,0.86,1,6,0,0,0,0.0,0.0,0.0,0.0,41.5,2.9,6.8,1.0,0.0,0.0
169,G. Chaalali,16276,354043,5975.2,0,0,0,1,0,1,0,0,4,0,1,0,78,66,0.85,0,4,23,0.61,0,14,0,0,0,0.0,0.0,0.9,0.0,70.5,3.6,20.8,0.0,0.0,0.0
170,G. De Arrascaeta,31340,426728,5505.2,0,0,0,0,0,0,0,0,1,0,0,0,44,38,1.71,0,2,16,1.14,1,10,0,0,0,0.0,0.0,0.0,0.0,43.2,2.0,15.7,1.0,0.0,0.0
171,G. González,50613,375858,17701.4,0,0,0,2,1,0,0,2,1,0,0,0,86,79,2.74,0,16,15,1.14,9,8,0,0,0,0.0,0.0,0.6,0.3,26.2,4.9,4.6,2.7,0.0,0.0
172,G. Gómez,53787,177249,16016.9,0,0,0,1,1,1,0,0,5,0,1,0,114,107,2.82,0,12,18,1.61,2,9,0,0,0,0.0,0.0,0.3,0.3,38.4,4.0,6.1,0.7,0.0,0.0
173,G. Haraguchi,25826,189300,10260.6,0,0,0,1,0,0,1,0,2,0,0,0,56,48,1.69,0,9,38,1.13,4,23,0,0,0,0.0,0.0,0.5,0.0,29.5,4.7,20.0,2.1,0.0,0.0
174,G. Higuaín,36822,9969,8969.1,0,0,0,3,2,2,1,0,2,0,0,0,37,31,2.6100000000000003,1,3,15,2.36,1,8,0,0,0,0.0,0.0,1.8,1.2,22.3,1.8,9.0,0.6,0.0,0.0
175,G. Krychowiak,41607,76611,17353.5,1,0,0,2,1,1,0,1,3,0,1,0,177,152,2.57,1,11,40,1.99,0,26,0,0,0,0.3,0.0,0.6,0.3,55.1,3.4,12.4,0.0,0.0,0.0
176,G. Mercado,24548,172440,11564.8,0,1,0,0,0,0,0,0,4,0,1,0,91,74,1.63,0,9,24,1.26,1,15,0,0,0,0.0,0.5,0.0,0.0,42.5,4.2,11.2,0.5,0.0,0.0
177,G. Ochoa,46419,77448,17236.3,0,0,0,0,0,0,0,0,1,0,0,0,61,52,2.55,0,5,1,1.0,1,1,23,19,0,0.0,0.0,0.0,0.0,19.1,1.6,0.3,0.3,7.2,0.0
178,G. Sakai,12913,14749,5645.1,0,0,0,1,1,0,1,0,0,0,0,0,16,14,0.88,0,1,12,0.75,0,9,0,0,0,0.0,0.0,1.0,1.0,15.3,1.0,11.5,0.0,0.0,0.0
179,G. Shibasaki,38739,284484,16144.8,0,0,0,0,0,0,0,0,6,0,0,0,183,160,2.6,2,17,21,1.58,7,12,0,0,0,0.0,0.0,0.0,0.0,61.2,5.7,7.0,2.3,0.0,0.0
180,G. Shōji,25826,189628,11460.4,0,0,0,0,0,0,0,0,0,0,0,0,130,125,1.93,0,4,19,1.52,7,14,0,0,0,0.0,0.0,0.0,0.0,61.3,1.9,9.0,3.3,0.0,0.0
181,G. Sigurðsson,23517,232674,17431.4,1,0,0,9,5,8,1,0,2,0,0,0,97,75,2.31,6,10,65,1.65,0,35,0,0,0,0.3,0.0,2.8,1.5,30.0,3.1,20.1,0.0,0.0,0.0
184,G. Varela,31340,232332,11600.3,0,0,0,0,0,0,0,0,0,0,0,0,97,91,1.87,0,6,18,1.23,1,11,0,0,0,0.0,0.0,0.0,0.0,45.2,2.8,8.4,0.5,0.0,0.0
185,G. Xhaka,20091,149628,17546.3,1,0,0,2,1,0,2,0,1,0,0,0,248,231,2.77,0,10,30,1.52,6,15,0,0,0,0.3,0.0,0.6,0.3,76.3,3.1,9.2,1.8,0.0,0.0
187,Gabriel Jesus,19140,1021158,16101.0,0,1,0,3,0,2,0,1,4,3,0,0,60,49,2.4,1,12,44,2.1,1,29,0,0,0,0.0,0.3,1.0,0.0,20.1,4.0,14.8,0.3,0.0,0.0
189,Gonçalo Guedes,19810,474068,10687.2,0,0,0,2,1,2,0,0,1,1,0,0,35,32,1.83,1,4,29,1.27,1,19,0,0,0,0.0,0.0,1.0,0.5,17.7,2.0,14.7,0.5,0.0,0.0
190,H. Ayala,15473,112777,5651.2,0,0,0,0,0,0,0,0,0,0,0,0,16,14,0.88,0,5,3,0.67,6,2,0,0,0,0.0,0.0,0.0,0.0,15.3,4.8,2.9,5.7,0.0,0.0
192,H. Dalsgaard,23136,169182,17268.300000000003,0,0,0,0,0,0,0,0,6,0,0,0,99,81,2.49,0,17,27,2.12,12,19,0,0,0,0.0,0.0,0.0,0.0,31.0,5.3,8.4,3.8,0.0,0.0
193,H. Halldórsson,23517,171678,17431.4,0,0,0,0,0,0,0,0,0,0,0,0,54,41,2.31,0,4,2,0.5,2,1,14,9,0,0.0,0.0,0.0,0.0,16.7,1.2,0.6,0.6,4.3,0.0
194,H. Herrera,46419,337377,17236.3,0,0,0,3,2,2,1,0,9,1,1,0,168,147,2.62,2,16,65,1.88,0,40,0,0,0,0.0,0.0,0.9,0.6,52.6,5.0,20.4,0.0,0.0,0.0
195,H. Kane,4826,17434,9724.2,5,0,0,6,5,5,0,1,1,1,0,0,30,23,1.5499999999999998,4,4,15,1.25,1,9,0,0,0,2.8,0.0,3.3,2.8,16.7,2.2,8.3,0.6,0.0,0.0
196,H. Lloris,8836,50762,11581.9,0,0,0,0,0,0,0,0,0,0,0,0,32,29,1.81,0,1,0,0.0,2,0,4,3,0,0.0,0.0,0.0,0.0,14.9,0.5,0.0,0.9,1.9,0.0
197,H. Lozano,46419,885468,14040.2,1,1,0,8,2,7,1,0,5,1,0,0,59,51,2.59,1,9,54,2.21,1,40,0,0,0,0.4,0.4,3.1,0.8,22.7,3.5,20.8,0.4,0.0,0.0
198,H. Magnússon,23517,405621,17431.4,0,0,0,2,0,0,1,1,4,0,0,0,69,39,1.59,0,21,24,1.39,12,12,0,0,0,0.0,0.0,0.6,0.0,21.4,6.5,7.4,3.7,0.0,0.0
199,H. Maguire,7239,25959,14550.9,0,1,0,3,2,0,0,3,3,0,0,0,177,167,2.8,1,7,15,2.42,0,12,0,0,0,0.0,0.4,1.1,0.7,65.7,2.6,5.6,0.0,0.0,0.0
200,H. Moreno,46419,11385,17236.3,0,0,0,1,1,0,0,1,6,0,2,0,135,117,2.5700000000000003,0,13,12,1.84,4,7,0,0,0,0.0,0.0,0.3,0.3,42.3,4.1,3.8,1.3,0.0,0.0
201,H. Nagguez,32552,586160,10311.2,0,1,0,0,0,0,0,0,3,0,0,0,84,67,1.59,1,3,28,1.46,0,20,0,0,0,0.0,0.5,0.0,0.0,44.0,1.6,14.7,0.0,0.0,0.0
202,H. Sakai,38739,284085,17105.5,0,0,0,2,0,2,0,0,1,1,0,0,116,94,2.45,1,11,31,2.1,10,22,0,0,0,0.0,0.0,0.6,0.0,36.6,3.5,9.8,3.2,0.0,0.0
203,H. Seferović,13394,41532,7668.6,0,0,0,0,0,0,0,0,3,1,0,0,12,7,1.0,1,3,13,0.62,3,8,0,0,0,0.0,0.0,0.0,0.0,8.5,2.1,9.2,2.1,0.0,0.0
204,H. Yamaguchi,25826,190020,6605.8,0,0,0,0,0,0,0,0,2,0,0,0,91,85,1.81,0,3,12,1.6,1,8,0,0,0,0.0,0.0,0.0,0.0,74.4,2.5,9.8,0.8,0.0,0.0
205,H. Ziyech,48648,663117,16942.2,0,0,0,8,2,1,7,0,8,0,0,0,112,91,2.4,0,16,61,1.84,2,38,0,0,0,0.0,0.0,2.5,0.6,35.7,5.1,19.4,0.6,0.0,0.0
206,Hattan Bahbir,49563,367845,10047.6,0,0,0,6,2,3,3,0,1,0,0,0,66,52,2.32,0,2,24,2.04,0,18,0,0,0,0.0,0.0,3.2,1.1,35.5,1.1,12.9,0.0,0.0,0.0
207,Hussain Al Mogahwi,33042,245836,9193.6,0,0,0,5,1,4,0,1,2,0,0,0,110,105,1.9,0,4,14,1.88,1,13,0,0,0,0.0,0.0,2.9,0.6,64.6,2.3,8.2,0.6,0.0,0.0
208,I. Akinfeev,43074,304728,17250.6,0,0,0,0,0,0,0,0,0,0,0,0,46,41,2.59,0,2,0,0.0,0,0,9,5,0,0.0,0.0,0.0,0.0,14.4,0.6,0.0,0.0,2.8,0.0
210,I. Gueye,57942,77118,17284.2,0,0,0,2,0,2,0,0,6,0,1,0,139,121,2.61,0,13,31,1.62,5,17,0,0,0,0.0,0.0,0.6,0.0,43.4,4.1,9.7,1.6,0.0,0.0
212,I. Kutepov,43074,311004,17250.6,0,1,0,0,0,0,0,0,3,0,0,0,89,68,2.27,0,14,17,2.47,12,13,0,0,0,0.0,0.3,0.0,0.0,27.9,4.4,5.3,3.8,0.0,0.0
213,I. Perišić,28794,44436,16438.5,1,0,0,5,2,1,4,0,2,2,0,0,81,58,2.03,0,10,41,1.7400000000000002,5,24,0,0,0,0.3,0.0,1.6,0.7,26.6,3.3,13.5,1.6,0.0,0.0
214,I. Rakitić,28794,10428,12313.0,1,0,0,7,2,7,0,0,4,1,1,0,102,81,2.37,2,9,33,2.29,2,22,0,0,0,0.4,0.0,3.1,0.9,44.7,3.9,14.5,0.9,0.0,0.0
215,I. Sarr,57942,1344237,17284.2,0,0,0,3,2,2,1,0,4,1,0,0,64,52,2.47,0,4,59,2.1,2,41,0,0,0,0.0,0.0,0.9,0.6,20.0,1.2,18.4,0.6,0.0,0.0
217,I. Smolnikov,14358,101825,5802.2,0,0,0,0,0,0,0,0,2,0,1,0,12,10,0.83,0,0,3,0.67,0,2,0,0,0,0.0,0.0,0.0,0.0,11.2,0.0,2.8,0.0,0.0,0.0
218,I. Strinić,19196,210722,11529.7,0,0,0,0,0,0,0,0,4,0,0,0,78,56,1.4300000000000002,0,12,23,0.92,5,12,0,0,0,0.0,0.0,0.0,0.0,36.5,5.6,10.8,2.3,0.0,0.0
220,Iniesta,4794,10059,14497.7,0,1,0,3,0,1,2,0,3,0,0,0,232,203,2.62,3,4,29,2.22,0,22,0,0,0,0.0,0.4,1.1,0.0,86.4,1.5,10.8,0.0,0.0,0.0
221,Isco,4794,10689,17494.9,1,0,0,8,3,6,1,1,1,3,0,0,302,276,2.75,4,4,73,2.3,0,56,0,0,0,0.3,0.0,2.5,0.9,93.2,1.2,22.5,0.0,0.0,0.0
222,J. Acosta,50613,375852,17701.4,0,0,0,0,0,0,0,0,2,0,1,0,71,63,2.64,0,9,25,1.45,3,12,0,0,0,0.0,0.0,0.0,0.0,21.7,2.7,7.6,0.9,0.0,0.0
223,J. Bednarek,41607,720096,14536.1,1,0,0,1,1,1,0,0,2,0,1,0,172,156,2.76,0,15,18,1.91,8,11,0,0,0,0.4,0.0,0.4,0.4,63.9,5.6,6.7,3.0,0.0,0.0
224,J. Boateng,6296,29432,11593.9,0,0,0,3,1,0,3,0,5,0,1,0,180,161,1.79,5,9,24,1.29,5,16,0,0,0,0.0,0.0,1.4,0.5,83.8,4.2,11.2,2.3,0.0,0.0
227,J. Campbell,33742,52076,7668.2,0,1,0,3,1,0,3,0,3,0,1,0,32,25,1.5299999999999998,0,2,43,1.46,0,31,0,0,0,0.0,0.7,2.1,0.7,22.5,1.4,30.3,0.0,0.0,0.0
229,J. Cuadrado,37290,62253,13639.0,1,0,0,4,1,4,0,0,1,0,0,0,105,88,2.49,2,9,52,2.28,5,39,0,0,0,0.4,0.0,1.6,0.4,41.6,3.6,20.6,2.0,0.0,0.0
230,J. Draxler,6296,29724,8466.7,0,0,0,6,1,5,1,0,4,0,0,0,77,70,1.81,2,1,16,1.8,0,13,0,0,0,0.0,0.0,3.8,0.6,49.1,0.6,10.2,0.0,0.0,0.0
233,J. Farfán,31188,29744,8185.6,0,0,0,4,1,3,1,0,6,0,0,0,31,26,1.6800000000000002,0,2,17,1.32,3,11,0,0,0,0.0,0.0,2.6,0.7,20.5,1.3,11.2,2.0,0.0,0.0
234,J. Gallardo,46419,1008534,15439.8,0,0,0,0,0,0,0,0,2,0,1,0,97,81,2.51,0,24,26,2.13,13,19,0,0,0,0.0,0.0,0.0,0.0,33.9,8.4,9.1,4.5,0.0,0.0
235,J. Giménez,31340,455788,11600.3,1,0,0,1,1,0,0,1,2,0,0,0,125,114,1.83,1,12,21,1.21,9,14,0,0,0,0.5,0.0,0.5,0.5,58.2,5.6,9.8,4.2,0.0,0.0
237,J. Guðmunds­son,15678,186,9558.6,0,0,0,3,1,0,3,0,0,0,0,0,40,32,1.58,0,6,16,1.24,3,10,0,0,0,0.0,0.0,1.7,0.6,22.6,3.4,9.0,1.7,0.0,0.0
238,J. Góralski,27738,200280,11595.3,0,0,0,1,0,1,0,0,3,0,1,0,65,57,1.77,0,7,26,1.44,2,17,0,0,0,0.0,0.0,0.5,0.0,30.3,3.3,12.1,0.9,0.0,0.0
239,J. Henderson,4826,15928,11665.2,0,0,0,2,1,2,0,0,0,0,0,0,136,122,1.79,1,9,11,1.46,2,8,0,0,0,0.0,0.0,0.9,0.5,63.0,4.2,5.1,0.9,0.0,0.0
240,J. Hernández,46419,23823,17236.3,1,1,0,6,1,3,1,2,2,1,0,0,57,46,2.4,0,4,26,2.0,2,17,0,0,0,0.3,0.3,1.9,0.3,17.9,1.3,8.1,0.6,0.0,0.0
243,J. Lerma,37290,767214,7874.9,0,0,0,1,0,0,1,0,2,0,0,0,57,47,2.5,1,4,12,2.1,2,7,0,0,0,0.0,0.0,0.7,0.0,39.1,2.7,8.2,1.4,0.0,0.0
244,J. Lingard,4826,15868,9607.4,1,0,0,6,2,5,1,0,3,1,0,0,59,56,1.9,0,1,20,1.6,1,16,0,0,0,0.6,0.0,3.4,1.1,33.2,0.6,11.2,0.6,0.0,0.0
245,J. Mascherano,36822,10065,17330.3,0,0,0,1,1,1,0,0,11,0,1,0,281,259,2.74,0,11,35,1.4,5,17,0,0,0,0.0,0.0,0.3,0.3,87.6,3.4,10.9,1.6,0.0,0.0
246,J. Mojica,37290,275106,17542.2,0,0,0,0,0,0,0,0,3,0,1,0,122,91,2.2,2,12,58,1.93,2,38,0,0,0,0.0,0.0,0.0,0.0,37.6,3.7,17.9,0.6,0.0,0.0
247,J. Obi Mikel,50469,23694,17013.8,0,0,0,0,0,0,0,0,6,0,1,0,146,125,2.56,2,7,47,2.06,2,32,0,0,0,0.0,0.0,0.0,0.0,46.3,2.2,14.9,0.6,0.0,0.0
248,J. Penedo,53787,377322,17587.9,0,0,0,0,0,0,0,0,0,0,0,0,31,28,2.67,0,4,0,0.0,2,0,20,9,0,0.0,0.0,0.0,0.0,9.5,1.2,0.0,0.6,6.1,0.0
249,J. Pickford,7239,30393,17258.3,0,0,0,0,0,0,0,0,0,0,0,0,69,59,2.62,0,2,0,0.0,0,0,6,3,0,0.0,0.0,0.0,0.0,21.6,0.6,0.0,0.0,1.9,0.0
250,J. Pivarić,9598,69964,5774.1,0,0,0,0,0,0,0,0,1,0,0,0,57,49,0.86,0,1,10,0.6,1,6,0,0,0,0.0,0.0,0.0,0.0,53.3,0.9,9.4,0.9,0.0,0.0
251,J. Quintero,37290,273057,13936.5,1,2,0,5,2,0,5,0,1,0,0,0,138,112,2.39,6,4,21,1.5699999999999998,0,11,0,0,0,0.4,0.8,1.9,0.8,53.5,1.5,8.1,0.0,0.0,0.0
252,J. Risdon,25479,184101,17195.5,0,0,0,1,0,0,1,0,4,1,1,0,134,93,2.0700000000000003,2,12,49,1.99,3,32,0,0,0,0.0,0.0,0.3,0.0,42.1,3.8,15.4,0.9,0.0,0.0
253,J. Rodriguez,53787,1205583,15662.1,0,0,0,3,1,0,3,0,3,0,0,0,64,52,2.35,0,7,39,1.84,1,24,0,0,0,0.0,0.0,1.0,0.3,22.1,2.4,13.4,0.3,0.0,0.0
254,J. Rodríguez,37290,210288,10030.9,0,2,0,3,0,0,3,0,4,1,1,0,93,79,2.46,2,2,35,1.4899999999999998,0,18,0,0,0,0.0,1.1,1.6,0.0,50.1,1.1,18.8,0.0,0.0,0.0
255,J. Stones,7239,28140,14372.6,2,0,0,3,3,0,0,3,1,0,0,0,194,188,2.9,0,11,14,1.72,3,10,0,0,0,0.8,0.0,1.1,1.1,72.9,4.1,5.3,1.1,0.0,0.0
256,J. Stryger Larsen,23136,168078,17268.300000000003,0,0,0,2,1,1,0,1,1,0,0,0,83,72,2.59,0,9,31,1.65,5,17,0,0,0,0.0,0.0,0.6,0.3,26.0,2.8,9.7,1.6,0.0,0.0
257,J. Vardy,4826,25658,7534.1,0,0,0,1,0,0,0,1,1,0,0,0,14,10,1.45,1,4,12,1.23,0,7,0,0,0,0.0,0.0,0.7,0.0,10.0,2.9,8.6,0.0,0.0,0.0
258,J. Venegas,33742,250904,9613.1,0,0,0,0,0,0,0,0,6,1,0,0,41,30,1.46,1,5,40,1.01,1,20,0,0,0,0.0,0.0,0.0,0.0,23.0,2.8,22.5,0.6,0.0,0.0
259,J. Vertonghen,11258,96,11535.4,0,0,0,0,0,0,0,0,3,0,1,0,110,99,1.7799999999999998,0,5,16,1.5,5,12,0,0,0,0.0,0.0,0.0,0.0,51.5,2.3,7.5,2.3,0.0,0.0
261,J. 키미히,9444,673779,17733.9,0,0,0,3,0,1,2,0,1,0,0,0,240,204,2.55,3,5,45,2.39,1,36,0,0,0,0.0,0.0,0.9,0.0,73.1,1.5,13.7,0.3,0.0,0.0
262,J. 헥터,6296,37338,10077.1,0,0,0,2,1,0,2,0,2,1,0,0,81,72,1.78,1,6,16,1.71,4,14,0,0,0,0.0,0.0,1.1,0.5,43.4,3.2,8.6,2.1,0.0,0.0
264,Jordi Alba,4794,9807,17494.9,0,0,0,0,0,0,0,0,2,1,0,0,233,213,2.74,1,10,23,1.49,3,11,0,0,0,0.0,0.0,0.0,0.0,71.9,3.1,7.1,0.9,0.0,0.0
265,José Fonte,29715,24378,17672.4,0,0,0,1,0,1,0,0,2,0,0,0,137,121,2.6,0,11,16,1.62,7,9,0,0,0,0.0,0.0,0.3,0.0,41.9,3.4,4.9,2.1,0.0,0.0
266,João Miranda,19140,10293,17547.0,0,0,0,1,0,1,0,0,5,0,0,0,179,172,2.88,0,13,20,1.78,6,13,0,0,0,0.0,0.0,0.3,0.0,55.1,4.0,6.2,1.8,0.0,0.0
267,João Moutinho,29715,210279,12081.5,0,1,0,0,0,0,0,0,6,0,0,0,74,70,2.42,0,9,34,1.89,1,16,0,0,0,0.0,0.4,0.0,0.0,33.1,4.0,15.2,0.4,0.0,0.0
268,João Mário,29715,212895,11163.3,0,0,0,1,0,1,0,0,4,0,0,0,91,82,2.54,0,5,27,1.64,1,14,0,0,0,0.0,0.0,0.5,0.0,44.0,2.4,13.1,0.5,0.0,0.0
269,K. Ansarifard,32520,237447,11796.5,1,0,0,3,1,2,1,0,4,0,1,0,31,19,1.74,0,8,22,1.38,3,10,0,0,0,0.5,0.0,1.4,0.5,14.2,3.7,10.1,1.4,0.0,0.0
270,K. Boutaïb,32432,59250,8604.0,1,0,0,3,2,0,2,1,3,1,0,0,22,19,1.79,0,3,13,1.1,0,7,0,0,0,0.6,0.0,1.9,1.3,13.8,1.9,8.2,0.0,0.0,0.0
271,K. De Bruyne,11258,76042,11535.4,0,1,0,4,0,4,0,0,2,0,1,0,111,90,1.66,2,5,20,1.31,2,13,0,0,0,0.0,0.5,1.9,0.0,52.0,2.3,9.4,0.9,0.0,0.0
273,K. El Ahmadi,48648,426,17075.699999999997,0,0,0,1,0,1,0,0,8,0,2,0,107,97,2.78,0,9,36,1.48,4,17,0,0,0,0.0,0.0,0.3,0.0,33.8,2.8,11.4,1.3,0.0,0.0
274,K. Glik,27738,42194,6610.1,0,0,0,1,0,0,0,1,2,0,0,0,76,68,1.78,0,6,6,1.0,5,3,0,0,0,0.0,0.0,0.8,0.0,62.1,4.9,4.9,4.1,0.0,0.0
275,K. Grosicki,41607,99096,13738.3,0,1,0,4,1,1,0,3,1,0,0,0,56,36,2.1,1,7,27,1.64,0,17,0,0,0,0.0,0.4,1.6,0.4,22.0,2.8,10.6,0.0,0.0,0.0
277,K. Iheanacho,50469,856524,9320.8,0,0,0,3,0,0,3,0,0,1,0,0,43,35,2.2,1,3,25,1.6,0,13,0,0,0,0.0,0.0,1.7,0.0,24.9,1.7,14.5,0.0,0.0,0.0
278,K. Koulibaly,57942,77178,17284.2,0,0,0,0,0,0,0,0,5,0,0,0,108,91,2.52,1,9,23,2.22,7,18,0,0,0,0.0,0.0,0.0,0.0,33.7,2.8,7.2,2.2,0.0,0.0
279,K. Mbappé,13254,1061499,11317.9,1,0,0,3,3,3,0,0,1,0,0,0,62,49,2.43,1,2,42,2.1500000000000004,1,31,0,0,0,0.5,0.0,1.4,1.4,29.6,1.0,20.0,0.5,0.0,0.0
280,K. N'Diaye,57942,401691,17284.2,0,0,0,0,0,0,0,0,0,0,0,0,52,34,1.94,0,3,0,0.0,3,0,9,5,0,0.0,0.0,0.0,0.0,16.2,0.9,0.0,0.9,2.8,0.0
281,K. Navas,50613,11745,17701.4,0,0,0,0,0,0,0,0,0,0,0,0,77,60,2.39,0,5,2,1.0,1,2,16,11,0,0.0,0.0,0.0,0.0,23.5,1.5,0.6,0.3,4.9,0.0
282,K. Omeruo,33646,24,11361.6,0,0,0,0,0,0,0,0,2,0,0,0,64,49,1.54,1,10,12,1.5699999999999998,11,9,0,0,0,0.0,0.0,0.0,0.0,30.4,4.8,5.7,5.2,0.0,0.0
283,K. Schmeichel,23136,25440,17268.300000000003,0,0,0,0,0,0,0,0,0,0,0,0,61,49,2.49,0,1,0,0.0,1,0,14,13,0,0.0,0.0,0.0,0.0,19.1,0.3,0.0,0.3,4.4,0.0
284,K. Trippier,4826,17890,10144.2,0,1,0,1,0,1,0,0,1,1,0,0,75,63,1.75,0,4,18,1.59,2,14,0,0,0,0.0,0.5,0.5,0.0,39.9,2.1,9.6,1.1,0.0,0.0
285,K. Walker,4826,16554,11665.2,0,0,0,0,0,0,0,0,1,0,1,0,177,167,1.88,1,3,8,1.75,3,7,0,0,0,0.0,0.0,0.0,0.0,81.9,1.4,3.7,1.4,0.0,0.0
286,K. Waston,16871,125575,5776.9,1,0,0,1,1,0,0,1,1,0,1,0,39,36,0.92,0,8,3,0.67,3,2,0,0,0,0.9,0.0,0.9,0.9,36.5,7.5,2.8,2.8,0.0,0.0
287,K. Árnason,15678,124442,11657.3,0,0,0,0,0,0,0,0,4,0,0,0,39,33,1.7,0,9,15,1.0699999999999998,7,8,0,0,0,0.0,0.0,0.0,0.0,18.1,4.2,6.9,3.2,0.0,0.0
288,Koke,3196,6886,7196.200000000001,0,0,0,0,0,0,0,0,0,0,0,0,115,107,1.87,0,5,14,1.0,1,7,0,0,0,0.0,0.0,0.0,0.0,86.3,3.8,10.5,0.8,0.0,0.0
289,L. Advíncula,46782,344127,17346.5,0,0,0,3,1,1,2,0,2,0,0,0,129,112,2.61,1,13,47,2.42,8,38,0,0,0,0.0,0.0,0.9,0.3,40.2,4.0,14.6,2.5,0.0,0.0
290,L. Augustinsson,21141,153651,17492.8,1,0,0,2,1,1,1,0,1,0,0,0,75,50,2.02,0,9,27,1.56,4,14,0,0,0,0.3,0.0,0.6,0.3,23.2,2.8,8.3,1.2,0.0,0.0
291,L. Balogun,50469,49329,17442.3,0,0,0,3,2,0,0,3,3,0,1,0,115,95,2.38,0,14,28,1.9,8,18,0,0,0,0.0,0.0,0.9,0.6,35.6,4.3,8.7,2.5,0.0,0.0
293,L. Dendoncker,5629,134702,5593.1,0,0,0,0,0,0,0,0,2,0,1,0,69,63,0.91,0,4,12,0.33,2,4,0,0,0,0.0,0.0,0.0,0.0,66.6,3.9,11.6,1.9,0.0,0.0
294,L. Gassama,19314,26022,5828.8,0,0,0,0,0,0,0,0,1,0,0,0,21,19,0.9,0,5,18,0.72,0,13,0,0,0,0.0,0.0,0.0,0.0,19.5,4.6,16.7,0.0,0.0,0.0
295,L. Hernández,13254,838635,14591.4,0,0,0,3,1,1,2,0,2,0,0,0,101,85,2.55,0,10,50,2.26,2,37,0,0,0,0.0,0.0,1.1,0.4,37.4,3.7,18.5,0.7,0.0,0.0
296,L. Kalinić,9598,69353,5774.1,0,0,0,0,0,0,0,0,0,0,0,0,14,11,0.79,0,2,1,1.0,0,1,6,5,0,0.0,0.0,0.0,0.0,13.1,1.9,0.9,0.0,5.6,0.0
297,L. Messi,36822,10077,17330.3,1,0,0,14,4,2,12,0,5,0,1,0,165,139,2.52,4,7,87,2.45,0,71,0,0,0,0.3,0.0,4.4,1.2,51.4,2.2,27.1,0.0,0.0,0.0
298,L. Milivojević,34644,255074,10895.0,0,0,0,0,0,0,0,0,2,0,1,0,80,70,1.79,0,7,23,1.15,0,13,0,0,0,0.0,0.0,0.0,0.0,39.7,3.5,11.4,0.0,0.0,0.0
299,L. Modrić,28794,24861,15500.5,2,0,0,4,2,4,0,0,6,0,0,0,156,137,2.62,1,12,37,2.09,0,24,0,0,0,0.7,0.0,1.4,0.7,54.3,4.2,12.9,0.0,0.0,0.0
301,L. Ovalle,17929,131862,5975.2,0,0,0,0,0,0,0,0,0,0,0,0,30,21,0.7,0,4,11,0.73,2,8,0,0,0,0.0,0.0,0.0,0.0,27.1,3.6,9.9,1.8,0.0,0.0
302,L. Schöne,15424,810,9455.7,0,0,0,1,1,1,0,0,0,0,0,0,71,66,1.76,0,7,18,1.22,2,11,0,0,0,0.0,0.0,0.6,0.6,40.5,4.0,10.3,1.1,0.0,0.0
303,L. Suárez,47010,23916,17402.5,2,0,0,10,4,7,3,0,3,1,0,0,72,54,2.23,2,4,44,1.73,1,24,0,0,0,0.6,0.0,3.1,1.2,22.3,1.2,13.7,0.3,0.0,0.0
305,L. Torreira,47010,1000713,8563.9,0,0,0,2,0,2,0,0,0,0,0,0,80,72,2.59,0,8,16,1.93,3,8,0,0,0,0.0,0.0,1.3,0.0,50.4,5.0,10.1,1.9,0.0,0.0
308,Lucas Vázquez,3196,8996,5523.6,0,0,0,0,0,0,0,0,2,0,0,0,39,29,1.71,1,4,19,0.59,1,10,0,0,0,0.0,0.0,0.0,0.0,38.1,3.9,18.6,1.0,0.0,0.0
309,M. Acuña,12274,89073,5772.0,0,0,0,1,0,0,1,0,1,0,1,0,34,20,0.59,0,5,19,0.58,0,11,0,0,0,0.0,0.0,0.9,0.0,31.8,4.7,17.8,0.0,0.0,0.0
310,M. Akanji,20091,893871,17546.3,0,0,0,2,0,0,1,1,1,0,0,0,209,195,2.81,0,9,41,2.4,5,31,0,0,0,0.0,0.0,0.6,0.0,64.3,2.8,12.6,1.5,0.0,0.0
311,M. Badelj,9598,69400,5774.1,1,1,0,2,1,2,0,0,3,0,0,0,70,62,0.89,0,8,15,0.53,1,8,0,0,0,0.9,0.9,1.9,0.9,65.5,7.5,14.0,0.9,0.0,0.0
312,M. Batshuayi,11258,76186,7158.3,1,0,0,7,3,1,6,0,0,2,0,0,23,18,1.72,0,1,15,1.5,0,11,0,0,0,0.8,0.0,5.3,2.3,17.4,0.8,11.3,0.0,0.0,0.0
314,M. Benatia,32432,41158,11771.1,0,0,0,5,2,0,3,2,5,0,1,0,119,103,1.6800000000000002,0,5,9,1.38,7,4,0,0,0,0.0,0.0,2.3,0.9,54.6,2.3,4.1,3.2,0.0,0.0
315,M. Berg,21141,44724,15319.1,0,0,0,10,5,5,3,2,7,3,0,0,42,35,2.46,2,3,38,2.24,1,29,0,0,0,0.0,0.0,3.5,1.8,14.8,1.1,13.4,0.4,0.0,0.0
317,M. Boussoufa,48648,305538,17681.0,0,0,0,1,0,0,0,1,5,0,1,0,128,112,2.64,0,8,40,1.96,1,26,0,0,0,0.0,0.0,0.3,0.0,39.1,2.4,12.2,0.3,0.0,0.0
318,M. Braithwaite,23136,167904,9526.0,0,0,0,1,1,0,1,0,3,1,0,0,29,23,2.5700000000000003,0,5,26,1.4300000000000002,0,13,0,0,0,0.0,0.0,0.6,0.6,16.4,2.8,14.7,0.0,0.0,0.0
319,M. Brozović,19196,139936,7820.5,0,0,0,1,0,1,0,0,3,0,1,0,84,76,1.84,0,8,18,1.02,2,9,0,0,0,0.0,0.0,0.7,0.0,58.0,5.5,12.4,1.4,0.0,0.0
321,M. Cáceres,47010,61380,17402.5,0,0,0,3,0,2,0,1,2,0,0,0,140,121,2.5700000000000003,1,9,15,1.56,4,8,0,0,0,0.0,0.0,0.9,0.0,43.4,2.8,4.7,1.2,0.0,0.0
322,M. Dembélé,11258,22304,6858.900000000001,0,0,0,0,0,0,0,0,2,0,0,0,72,71,1.98,0,7,19,1.36,1,13,0,0,0,0.0,0.0,0.0,0.0,56.7,5.5,15.0,0.8,0.0,0.0
325,M. Fellaini,11258,16498,7698.3,0,0,0,2,0,1,1,0,5,0,0,0,54,47,1.74,0,5,28,1.37,3,19,0,0,0,0.0,0.0,1.4,0.0,37.9,3.5,19.6,2.1,0.0,0.0
326,M. Gavranović,13394,30398,7199.099999999999,0,0,0,3,1,3,0,0,0,2,0,0,16,12,1.5299999999999998,1,0,13,1.38,0,8,0,0,0,0.0,0.0,2.3,0.8,12.0,0.0,9.8,0.0,0.0,0.0
327,M. Hasebe,38739,44787,12180.6,0,0,0,1,0,1,0,0,4,0,1,0,164,145,2.69,0,11,21,1.15,1,12,0,0,0,0.0,0.0,0.4,0.0,72.7,4.9,9.3,0.4,0.0,0.0
329,M. Hosseini,32520,856614,13001.8,0,0,0,0,0,0,0,0,1,0,0,0,40,34,2.68,0,9,3,0.33,6,1,0,0,0,0.0,0.0,0.0,0.0,16.6,3.7,1.2,2.5,0.0,0.0
330,M. Jedinak,25479,25230,17195.5,2,0,0,7,3,4,0,3,5,0,1,0,165,143,2.56,0,18,23,1.77,2,13,0,0,0,0.6,0.0,2.2,0.9,51.8,5.7,7.2,0.6,0.0,0.0
331,M. Jørgensen,15424,111958,6578.6,0,0,0,0,0,0,0,0,1,0,1,0,34,29,1.85,0,7,15,0.67,3,10,0,0,0,0.0,0.0,0.0,0.0,27.9,5.7,12.3,2.5,0.0,0.0
333,M. Kovačić,28794,208212,6884.6,0,1,0,3,1,2,0,1,2,0,0,0,86,86,3.0,0,3,23,2.21,1,16,0,0,0,0.0,0.8,2.4,0.8,67.5,2.4,18.0,0.8,0.0,0.0
335,M. Layún,46419,337098,16869.8,0,0,0,8,3,7,1,0,2,0,1,0,87,72,2.55,5,6,29,1.99,2,20,0,0,0,0.0,0.0,2.6,1.0,27.8,1.9,9.3,0.6,0.0,0.0
336,M. Leckie,25479,45060,17195.5,0,0,0,5,1,0,2,3,6,0,1,0,76,51,1.99,0,16,65,2.05,4,44,0,0,0,0.0,0.0,1.6,0.3,23.9,5.0,20.4,1.3,0.0,0.0
337,M. Lustig,21141,185847,17492.8,0,0,0,0,0,0,0,0,3,0,1,0,80,61,2.27,0,23,18,1.12,8,6,0,0,0,0.0,0.0,0.0,0.0,24.7,7.1,5.6,2.5,0.0,0.0
338,M. Mandžukić,19196,29886,10795.9,0,0,0,5,0,1,1,3,7,0,1,0,42,29,1.39,1,9,28,0.8600000000000001,3,13,0,0,0,0.0,0.0,2.5,0.0,21.0,4.5,14.0,1.5,0.0,0.0
339,M. Meza,36822,439377,12229.6,0,0,0,3,1,1,2,0,3,1,0,0,92,77,2.53,1,7,39,1.72,1,25,0,0,0,0.0,0.0,1.3,0.4,40.6,3.1,17.2,0.4,0.0,0.0
340,M. Milligan,25479,184275,17195.5,0,0,0,0,0,0,0,0,3,0,1,0,246,232,2.83,0,10,15,2.13,10,11,0,0,0,0.0,0.0,0.0,0.0,77.3,3.1,4.7,3.1,0.0,0.0
342,M. Murillo,35858,722996,11612.7,0,0,0,1,1,1,0,0,6,0,2,0,82,61,1.5,0,7,19,1.36,0,13,0,0,0,0.0,0.0,0.5,0.5,38.1,3.3,8.8,0.0,0.0,0.0
343,M. Niang,57942,77694,14996.9,1,1,0,8,5,5,3,0,6,2,2,0,68,49,2.13,3,7,43,2.17,2,31,0,0,0,0.4,0.4,2.9,1.8,24.5,2.5,15.5,0.7,0.0,0.0
344,M. Pazdan,27738,198876,10743.4,0,0,0,0,0,0,0,0,1,0,0,0,154,134,1.72,0,9,10,1.5699999999999998,3,7,0,0,0,0.0,0.0,0.0,0.0,77.4,4.5,5.0,1.5,0.0,0.0
347,M. Pouraliganji,32520,238347,17744.5,0,0,0,0,0,0,0,0,0,0,0,0,56,46,2.52,0,12,11,1.26,8,5,0,0,0,0.0,0.0,0.0,0.0,17.0,3.7,3.3,2.4,0.0,0.0
348,M. Rashford,4826,794356,7189.900000000001,0,0,0,4,1,4,0,0,2,0,0,0,41,32,1.64,1,2,25,1.15,0,14,0,0,0,0.0,0.0,3.0,0.8,30.8,1.5,18.8,0.0,0.0,0.0
349,M. Rojo,24548,203304,11558.3,1,0,0,2,1,1,1,0,2,0,0,0,137,126,1.82,0,5,15,1.61,4,12,0,0,0,0.5,0.0,0.9,0.5,64.0,2.3,7.0,1.9,0.0,0.0
350,M. Ryan,25479,184170,17195.5,0,0,0,0,0,0,0,0,0,0,0,0,95,90,2.84,0,4,0,0.0,1,0,14,9,0,0.0,0.0,0.0,0.0,29.8,1.3,0.0,0.3,4.4,0.0
351,M. Rybus,27738,198782,11708.4,0,0,0,1,1,0,1,0,2,2,0,0,64,56,1.75,2,16,25,1.04,6,13,0,0,0,0.0,0.0,0.5,0.5,29.5,7.4,11.5,2.8,0.0,0.0
353,M. Taremi,32520,237960,13671.8,0,0,0,3,0,0,1,2,4,1,0,0,37,27,2.44,0,19,28,2.09,5,17,0,0,0,0.0,0.0,1.2,0.0,14.6,7.5,11.1,2.0,0.0,0.0
354,M. Trauco,46782,345438,17346.5,0,0,0,0,0,0,0,0,2,0,0,0,174,144,2.49,1,17,45,2.11,5,32,0,0,0,0.0,0.0,0.0,0.0,54.2,5.3,14.0,1.6,0.0,0.0
355,M. Ureña,33742,203592,7329.200000000001,0,0,0,2,1,1,1,0,4,2,0,0,19,13,1.45,0,0,20,0.95,0,9,0,0,0,0.0,0.0,1.5,0.7,14.0,0.0,14.7,0.0,0.0,0.0
356,M. Vecino,47010,349047,14640.8,0,0,0,2,0,2,0,0,5,0,0,0,204,178,2.63,1,18,23,1.73,1,15,0,0,0,0.0,0.0,0.7,0.0,75.2,6.6,8.5,0.4,0.0,0.0
357,M. Veljkovic,17322,11095,5696.8,0,0,0,0,0,0,0,0,0,0,0,0,45,43,0.96,0,4,7,0.57,1,4,0,0,0,0.0,0.0,0.0,0.0,42.7,3.8,6.6,0.9,0.0,0.0
358,M. Wagué,57942,1126044,12722.1,1,0,0,1,1,1,0,0,1,0,0,0,78,63,1.64,0,13,18,2.19,1,12,0,0,0,0.4,0.0,0.4,0.4,33.1,5.5,7.6,0.4,0.0,0.0
359,M. Yoshida,38739,2109,17105.5,0,0,0,2,0,0,0,2,4,0,0,0,241,219,2.71,1,19,15,1.97,10,10,0,0,0,0.0,0.0,0.6,0.0,76.1,6.0,4.7,3.2,0.0,0.0
360,M. da Costa,48648,304860,12678.3,0,0,0,2,0,1,0,1,2,0,1,0,79,62,2.37,0,11,11,0.8700000000000001,7,5,0,0,0,0.0,0.0,0.9,0.0,33.6,4.7,4.7,3.0,0.0,0.0
361,M. 고메스,9444,44193,6554.2,0,0,0,4,3,1,0,3,0,1,0,0,11,7,2.1,0,1,1,0.0,1,0,0,0,0,0.0,0.0,3.3,2.5,9.1,0.8,0.8,0.8,0.0,0.0
362,M. 노이어,9444,44136,17733.9,0,0,0,0,0,0,0,0,0,0,0,0,79,72,2.74,0,6,2,1.0,2,2,14,10,0,0.0,0.0,0.0,0.0,24.1,1.8,0.6,0.6,4.3,0.0
363,M. 로이스,9444,45072,14131.3,1,0,0,5,1,3,2,0,3,1,0,0,118,96,2.48,2,7,18,2.06,0,12,0,0,0,0.4,0.0,1.9,0.4,45.1,2.7,6.9,0.0,0.0,0.0
364,M. 외질,6296,6638,11791.2,0,0,0,2,0,0,2,0,0,0,0,0,172,152,1.77,2,1,24,1.4300000000000002,0,18,0,0,0,0.0,0.0,0.9,0.0,78.8,0.5,11.0,0.0,0.0,0.0
365,M. 훔멜스,6296,29590,11791.2,0,0,0,6,2,1,2,3,3,0,1,0,109,101,1.86,0,11,21,1.42,3,16,0,0,0,0.0,0.0,2.7,0.9,49.9,5.0,9.6,1.4,0.0,0.0
367,Marcelo,19140,9930,12440.2,0,0,0,3,1,1,2,0,0,0,0,0,196,160,2.13,1,11,30,2.23,2,25,0,0,0,0.0,0.0,1.3,0.4,85.1,4.8,13.0,0.9,0.0,0.0
369,Marwan Mohsen,48387,360675,12755.6,0,0,0,4,1,1,0,3,4,1,0,0,35,22,1.88,1,10,35,2.04,4,23,0,0,0,0.0,0.0,1.7,0.4,14.8,4.2,14.8,1.7,0.0,0.0
371,Min-Woo Kim,29710,190598,9117.9,0,0,0,1,0,1,0,0,3,0,0,0,48,34,1.41,0,4,10,0.86,5,6,0,0,0,0.0,0.0,0.6,0.0,28.4,2.4,5.9,3.0,0.0,0.0
372,Mohamed Abdel-Shafi,48387,359925,17554.2,0,0,0,0,0,0,0,0,2,0,0,0,150,126,2.52,0,16,32,2.38,4,25,0,0,0,0.0,0.0,0.0,0.0,46.1,4.9,9.8,1.2,0.0,0.0
373,Mohamed El Shenawy,32258,240000,11483.4,0,0,0,0,0,0,0,0,0,0,0,0,27,22,1.62,0,4,1,1.0,0,1,9,5,0,0.0,0.0,0.0,0.0,12.7,1.9,0.5,0.0,4.2,0.0
374,Mohamed Elneny,48387,361017,15690.9,0,0,0,3,0,3,0,0,3,0,0,0,111,102,2.74,1,9,13,1.0,2,4,0,0,0,0.0,0.0,1.0,0.0,38.2,3.1,4.5,0.7,0.0,0.0
375,Mohamed Salah,32258,240706,11716.7,2,0,0,6,2,0,6,0,1,3,0,0,42,32,1.52,1,4,29,1.17,0,16,0,0,0,0.9,0.0,2.8,0.9,19.4,1.8,13.4,0.0,0.0,0.0
376,Mohammad Al Sahlawi,33042,245342,6177.0,0,0,0,2,0,0,2,0,2,0,0,0,9,9,2.0,0,0,10,1.53,0,8,0,0,0,0.0,0.0,1.7,0.0,7.9,0.0,8.7,0.0,0.0,0.0
377,Mohammed Al Burayk,49563,878862,17636.1,0,0,0,3,0,3,0,0,0,0,0,0,219,185,2.53,0,17,35,2.27,4,26,0,0,0,0.0,0.0,0.9,0.0,67.1,5.2,10.7,1.2,0.0,0.0
378,Mohammed Al Owais,16521,248328,5762.8,0,0,0,0,0,0,0,0,0,0,0,0,19,15,0.79,0,0,0,0.0,0,0,4,3,0,0.0,0.0,0.0,0.0,17.8,0.0,0.0,0.0,3.7,0.0
380,Motaz Hawsawi,16521,139391,6070.8,0,0,0,0,0,0,0,0,0,0,0,0,31,28,0.9,0,2,7,0.71,0,5,0,0,0,0.0,0.0,0.0,0.0,27.6,1.8,6.2,0.0,0.0,0.0
382,Munir,48648,19527,17681.0,0,0,0,0,0,0,0,0,1,0,1,0,46,40,2.64,0,1,0,0.0,1,0,9,5,0,0.0,0.0,0.0,0.0,14.0,0.3,0.0,0.3,2.7,0.0
383,Mário Fernandes,43074,123369,14970.6,0,1,0,0,0,0,0,0,0,1,0,0,100,86,2.5700000000000003,0,13,26,1.63,6,19,0,0,0,0.0,0.4,0.0,0.0,36.1,4.7,9.4,2.2,0.0,0.0
384,N. Amrabat,48648,98904,16240.8,0,0,0,1,0,1,0,0,9,1,1,0,78,59,2.22,1,10,68,2.2,2,48,0,0,0,0.0,0.0,0.3,0.0,25.9,3.3,22.6,0.7,0.0,0.0
385,N. Chadli,11258,522,5898.900000000001,0,0,0,0,0,0,0,0,0,0,0,0,52,43,1.19,1,4,10,0.33,0,3,0,0,0,0.0,0.0,0.0,0.0,47.6,3.7,9.2,0.0,0.0,0.0
386,N. Dirar,32432,298148,11798.1,0,0,0,1,0,1,0,0,4,0,0,0,76,69,1.8,0,15,33,1.12,3,18,0,0,0,0.0,0.0,0.5,0.0,34.8,6.9,15.1,1.4,0.0,0.0
388,N. Jørgensen,15424,30160,10008.3,0,1,0,2,0,0,1,1,3,2,0,0,32,20,1.28,0,2,19,1.29,1,12,0,0,0,0.0,0.5,1.1,0.0,17.3,1.1,10.3,0.5,0.0,0.0
389,N. Kanté,13254,94584,17274.5,0,0,0,0,0,0,0,0,4,0,0,0,190,176,2.77,1,28,47,1.98,4,32,0,0,0,0.0,0.0,0.0,0.0,59.4,8.8,14.7,1.3,0.0,0.0
390,N. Matić,51966,210366,17540.5,0,0,0,3,0,1,2,0,6,0,2,0,132,117,2.65,1,14,58,1.89,1,37,0,0,0,0.0,0.0,0.9,0.0,40.6,4.3,17.9,0.3,0.0,0.0
391,N. Milenković,51966,1272723,17540.5,0,0,0,0,0,0,0,0,1,0,0,0,112,99,2.62,0,14,14,2.16,11,11,0,0,0,0.0,0.0,0.0,0.0,34.5,4.3,4.3,3.4,0.0,0.0
392,N. Nández,47010,898854,8782.2,0,0,0,0,0,0,0,0,2,0,0,0,78,65,2.55,1,2,29,2.05,0,20,0,0,0,0.0,0.0,0.0,0.0,48.0,1.2,17.8,0.0,0.0,0.0
393,N. Otamendi,36822,210258,17330.3,0,0,0,4,1,1,0,3,3,0,1,0,209,193,2.77,0,11,28,2.1,7,19,0,0,0,0.0,0.0,1.2,0.3,65.1,3.4,8.7,2.2,0.0,0.0
395,N. Sliti,48828,78300,11358.8,0,0,0,6,1,5,1,0,1,0,0,0,58,41,2.09,0,5,34,2.02,2,23,0,0,0,0.0,0.0,2.9,0.5,27.6,2.4,16.2,1.0,0.0,0.0
396,N. Tagliafico,36822,260166,16407.3,0,0,0,2,0,0,1,1,5,0,0,0,175,152,2.58,0,13,30,1.86,1,20,0,0,0,0.0,0.0,0.7,0.0,57.6,4.3,9.9,0.3,0.0,0.0
397,N. 슐레,3148,134383,6140.0,0,0,0,0,0,0,0,0,0,0,0,0,82,80,0.98,0,3,11,0.55,4,6,0,0,0,0.0,0.0,0.0,0.0,72.1,2.6,9.7,3.5,0.0,0.0
398,Nacho,1598,3304,5753.8,1,0,0,1,1,1,0,0,3,0,0,0,49,46,0.94,0,2,15,0.67,4,10,0,0,0,0.9,0.0,0.9,0.9,46.0,1.9,14.1,3.8,0.0,0.0
399,Neymar,19140,122430,17547.0,1,1,0,16,8,11,4,1,5,5,1,0,170,145,2.57,8,1,105,2.25,0,79,0,0,0,0.3,0.3,4.9,2.5,52.3,0.3,32.3,0.0,0.0,0.0
400,O. Dembélé,13254,859170,10160.7,0,0,0,3,0,1,2,0,1,0,0,0,65,50,2.09,1,4,29,2.23,0,22,0,0,0,0.0,0.0,1.6,0.0,34.5,2.1,15.4,0.0,0.0,0.0
401,O. Ebrahimi,32520,236973,16604.3,0,0,0,0,0,0,0,0,5,0,1,0,67,60,2.69,0,16,35,1.76,7,19,0,0,0,0.0,0.0,0.0,0.0,21.8,5.2,11.4,2.3,0.0,0.0
402,O. Etebo,50469,1273872,17013.0,0,0,1,7,1,7,0,0,4,0,0,0,140,127,2.68,0,9,68,2.22,1,51,0,0,0,0.0,0.0,2.2,0.3,44.4,2.9,21.6,0.3,0.0,0.0
403,O. Giroud,13254,78030,13070.3,0,1,0,5,1,0,4,1,4,0,0,0,32,25,2.54,1,2,37,1.31,1,19,0,0,0,0.0,0.4,2.1,0.4,13.2,0.8,15.3,0.4,0.0,0.0
404,O. Haddadi,16276,120717,5975.2,0,1,0,0,0,0,0,0,1,0,0,0,27,25,0.93,0,3,6,1.0,3,6,0,0,0,0.0,0.9,0.0,0.0,24.4,2.7,5.4,2.7,0.0,0.0
406,O. Ighalo,50469,15885,8121.599999999999,0,0,0,4,2,2,1,1,6,0,0,0,13,11,2.71,0,6,28,2.14,4,18,0,0,0,0.0,0.0,2.7,1.3,8.6,4.0,18.6,2.7,0.0,0.0
407,O. Murillo,12430,91002,5763.2,0,0,0,1,0,0,0,1,0,0,0,0,42,36,0.86,0,5,9,0.89,5,8,0,0,0,0.0,0.0,0.9,0.0,39.4,4.7,8.4,4.7,0.0,0.0
409,O. Toivonen,21141,369,15136.6,1,0,0,2,2,1,0,1,4,0,0,0,54,37,2.01,1,3,21,2.03,2,14,0,0,0,0.4,0.0,0.7,0.7,19.3,1.1,7.5,0.7,0.0,0.0
410,Omar Hawsawi,16521,122651,5802.5,0,0,0,0,0,0,0,0,1,0,0,0,56,47,0.84,0,3,9,0.56,4,5,0,0,0,0.0,0.0,0.0,0.0,52.1,2.8,8.4,3.7,0.0,0.0
411,Osama Hawsawi,49563,368517,17636.1,0,0,0,0,0,0,0,0,3,0,0,0,124,115,2.78,0,18,28,1.86,9,17,0,0,0,0.0,0.0,0.0,0.0,38.0,5.5,8.6,2.8,0.0,0.0
412,P. Aquino,46782,417234,9247.1,0,0,0,1,0,1,0,0,5,0,1,0,98,88,2.76,1,11,31,2.07,6,18,0,0,0,0.0,0.0,0.6,0.0,57.2,6.4,18.1,3.5,0.0,0.0
414,P. Gallese,46782,344394,17346.5,0,0,0,0,0,0,0,0,0,0,0,0,48,40,2.53,0,5,0,0.0,0,0,9,7,0,0.0,0.0,0.0,0.0,14.9,1.6,0.0,0.0,2.8,0.0
415,P. Guerrero,46782,44727,13467.9,1,1,0,6,5,2,2,2,4,3,1,0,41,29,2.33,0,4,34,2.17,3,23,0,0,0,0.4,0.4,2.4,2.0,16.4,1.6,13.6,1.2,0.0,0.0
417,P. Jansson,7047,50806,5775.2,0,0,0,1,0,0,0,1,2,0,0,0,48,47,0.98,0,1,2,1.0,2,2,0,0,0,0.0,0.0,0.9,0.0,44.9,0.9,1.9,1.9,0.0,0.0
418,P. Jones,2413,7918,5593.1,0,0,0,0,0,0,0,0,2,0,0,0,70,65,0.93,0,3,11,0.64,1,7,0,0,0,0.0,0.0,0.0,0.0,67.6,2.9,10.6,1.0,0.0,0.0
419,P. Kimpembe,4418,231138,5692.6,0,0,0,0,0,0,0,0,1,0,0,0,75,70,0.93,0,7,7,0.86,5,6,0,0,0,0.0,0.0,0.0,0.0,71.1,6.6,6.6,4.7,0.0,0.0
420,P. Pogba,8836,15872,11194.9,0,0,0,3,1,3,0,0,3,0,1,0,118,99,1.6800000000000002,3,3,31,1.35,2,21,0,0,0,0.0,0.0,1.4,0.5,56.9,1.4,15.0,1.0,0.0,0.0
421,P. Sisto,23136,725835,13459.2,0,0,0,4,1,2,2,0,1,0,1,0,80,66,2.23,0,6,52,2.19,0,37,0,0,0,0.0,0.0,1.6,0.4,32.1,2.4,20.9,0.0,0.0,0.0
422,P. Zieliński,41607,299706,16453.3,0,0,0,3,0,1,2,0,1,0,0,0,154,127,2.47,1,2,25,2.09,0,17,0,0,0,0.0,0.0,1.0,0.0,50.5,0.7,8.2,0.0,0.0,0.0
423,Paulinho,19140,121650,12200.7,1,0,0,2,1,1,1,0,1,0,0,0,92,85,2.75,0,7,19,1.86,0,12,0,0,0,0.4,0.0,0.9,0.4,40.7,3.1,8.4,0.0,0.0,0.0
424,Pepe,29715,9915,17672.4,0,0,0,0,0,0,0,0,3,0,0,0,122,102,2.46,0,14,20,1.78,9,12,0,0,0,0.0,0.0,0.0,0.0,37.3,4.3,6.1,2.8,0.0,0.0
425,Philippe Coutinho,19140,11406,16706.7,2,1,0,12,4,12,0,0,3,0,1,0,215,197,2.75,4,9,37,1.91,1,24,0,0,0,0.6,0.3,3.9,1.3,69.5,2.9,12.0,0.3,0.0,0.0
426,Piqué,4794,10023,17494.9,0,0,0,4,1,2,0,2,2,0,0,0,217,203,2.81,0,10,10,2.0,4,5,0,0,0,0.0,0.0,1.2,0.3,67.0,3.1,3.1,1.2,0.0,0.0
427,R. Avila,35858,723072,6869.5,0,1,0,1,0,0,1,0,5,0,1,0,41,35,1.72,0,1,24,1.12,0,13,0,0,0,0.0,0.8,0.8,0.0,32.2,0.8,18.9,0.0,0.0,0.0
429,R. Bedoui,16276,120900,5975.2,0,0,0,1,1,0,0,1,0,0,0,0,80,73,0.91,0,1,3,1.0,0,3,0,0,0,0.0,0.0,0.9,0.9,72.3,0.9,2.7,0.0,0.0,0.0
430,R. Bentancur,47010,1085421,15451.0,0,0,0,2,1,1,1,0,6,0,1,0,187,170,2.7,1,13,45,1.7,3,24,0,0,0,0.0,0.0,0.7,0.3,65.4,4.5,15.7,1.0,0.0,0.0
431,R. Cheshmi,10840,272829,5882.9,0,0,0,1,0,1,0,0,0,0,0,0,12,11,0.92,0,5,5,0.4,4,2,0,0,0,0.0,0.0,0.9,0.0,11.0,4.6,4.6,3.7,0.0,0.0
432,R. Falcao,37290,10350,16090.5,1,0,0,5,3,3,1,1,4,3,0,0,61,48,2.33,0,3,61,1.75,3,37,0,0,0,0.3,0.0,1.7,1.0,20.5,1.0,20.5,1.0,0.0,0.0
433,R. Gíslason,15678,112292,7872.8,0,0,0,1,0,1,0,0,2,0,0,0,28,21,1.72,0,3,20,1.25,1,12,0,0,0,0.0,0.0,0.7,0.0,19.2,2.1,13.7,0.7,0.0,0.0
435,R. Kruse,25479,48453,12668.7,0,0,0,1,0,1,0,0,2,2,0,0,52,39,2.25,0,6,26,1.83,0,17,0,0,0,0.0,0.0,0.4,0.0,22.2,2.6,11.1,0.0,0.0,0.0
437,R. Lewandowski,41607,44451,17353.5,0,0,0,8,3,4,2,2,4,1,0,0,65,56,2.64,1,6,46,2.02,2,30,0,0,0,0.0,0.0,2.5,0.9,20.2,1.9,14.3,0.6,0.0,0.0
438,R. Loftus-Cheek,7239,706665,12333.2,0,1,0,2,0,0,1,1,2,0,1,0,75,63,2.39,0,2,36,2.1,0,24,0,0,0,0.0,0.4,0.9,0.0,32.8,0.9,15.8,0.0,0.0,0.0
439,R. Lukaku,11258,15810,9430.3,4,0,0,5,4,1,3,1,3,0,0,0,30,21,1.4,0,0,13,1.54,0,10,0,0,0,2.3,0.0,2.9,2.3,17.2,0.0,7.4,0.0,0.0,0.0
441,R. Olsen,21141,152394,17492.8,0,0,0,0,0,0,0,0,0,0,0,0,47,33,2.15,0,4,0,0.0,1,0,9,7,0,0.0,0.0,0.0,0.0,14.5,1.2,0.0,0.3,2.8,0.0
442,R. Rezaeian,32520,237294,17744.5,0,0,0,1,0,1,0,0,4,0,0,0,73,50,2.03,2,10,28,1.62,7,16,0,0,0,0.0,0.0,0.3,0.0,22.2,3.0,8.5,2.1,0.0,0.0
443,R. Rodríguez,20091,44766,17546.3,0,0,0,3,0,1,2,0,4,0,0,0,119,100,2.52,0,11,50,1.79,5,29,0,0,0,0.0,0.0,0.9,0.0,36.6,3.4,15.4,1.5,0.0,0.0
445,R. Saïss,32432,52452,11792.8,0,0,0,1,0,0,0,1,2,0,0,0,90,82,1.81,0,15,11,1.3199999999999998,10,7,0,0,0,0.0,0.0,0.5,0.0,41.2,6.9,5.0,4.6,0.0,0.0
446,R. Sigurðsson,23517,167949,14058.8,0,0,0,0,0,0,0,0,3,0,0,0,49,39,2.38,0,16,16,1.62,7,8,0,0,0,0.0,0.0,0.0,0.0,18.8,6.1,6.1,2.7,0.0,0.0
447,R. Sterling,4826,22132,10068.4,0,1,0,2,1,1,0,1,6,2,0,0,49,44,1.72,0,3,25,0.8700000000000001,0,12,0,0,0,0.0,0.5,1.1,0.5,26.3,1.6,13.4,0.0,0.0,0.0
448,R. Tapia,31188,278150,9119.4,0,0,0,1,0,1,0,0,3,0,1,0,51,40,1.58,0,11,19,0.89,4,8,0,0,0,0.0,0.0,0.6,0.0,30.2,6.5,11.3,2.4,0.0,0.0
449,R. Torres,53787,273789,15041.2,0,0,0,4,0,3,0,1,1,0,0,0,71,62,2.57,0,17,8,2.0,11,5,0,0,0,0.0,0.0,1.4,0.0,25.5,6.1,2.9,3.9,0.0,0.0
450,R. Varane,13254,9927,17274.5,0,0,0,2,0,0,0,2,1,0,0,0,192,176,2.73,0,10,11,2.5,7,10,0,0,0,0.0,0.0,0.6,0.0,60.0,3.1,3.4,2.2,0.0,0.0
452,R. Zobnin,43074,311046,17250.6,0,0,0,5,1,3,1,1,3,0,0,0,118,94,2.33,0,21,42,2.23,5,31,0,0,0,0.0,0.0,1.6,0.3,36.9,6.6,13.1,1.6,0.0,0.0
454,Raphaël Guerreiro,29715,86721,17672.4,0,0,0,2,0,0,2,0,5,0,1,0,149,128,2.58,1,13,39,1.96,3,25,0,0,0,0.0,0.0,0.6,0.0,45.5,4.0,11.9,0.9,0.0,0.0
456,Ricardo Quaresma,19810,65194,5940.400000000001,1,0,0,4,1,4,0,0,3,0,1,0,37,24,1.32,0,1,22,1.58,0,17,0,0,0,0.9,0.0,3.6,0.9,33.6,0.9,20.0,0.0,0.0,0.0
459,Rui Patrício,29715,210402,17672.4,0,0,0,0,0,0,0,0,0,0,0,0,61,52,2.57,0,3,1,1.0,0,1,11,7,0,0.0,0.0,0.0,0.0,18.6,0.9,0.3,0.0,3.4,0.0
460,S. Agüero,24548,16650,9072.2,1,0,0,4,2,2,2,0,0,2,0,0,53,41,1.58,0,2,24,1.64,0,20,0,0,0,0.6,0.0,2.4,1.2,31.5,1.2,14.3,0.0,0.0,0.0
462,S. Arias,37290,210408,17542.2,0,0,0,1,0,1,0,0,8,1,0,0,140,116,2.47,1,14,25,1.9,3,16,0,0,0,0.0,0.0,0.3,0.0,43.1,4.3,7.7,0.9,0.0,0.0
463,S. Azmoun,32520,237018,17744.5,0,0,0,2,1,2,0,0,6,0,1,0,46,30,1.9,4,8,33,1.44,4,17,0,0,0,0.0,0.0,0.6,0.3,14.0,2.4,10.0,1.2,0.0,0.0
464,S. Ben Youssef,32552,20028,8281.9,0,0,0,0,0,0,0,0,5,0,0,0,43,36,1.67,0,10,23,0.8200000000000001,4,12,0,0,0,0.0,0.0,0.0,0.0,28.0,6.5,15.0,2.6,0.0,0.0
465,S. Coates,15670,7954,5802.2,0,0,0,0,0,0,0,0,2,0,0,0,62,59,0.95,0,2,11,0.64,0,7,0,0,0,0.0,0.0,0.0,0.0,57.7,1.9,10.2,0.0,0.0,0.0
466,S. Ezatolahi,21680,483294,10516.8,0,0,0,1,1,0,0,1,4,1,0,0,41,32,1.56,1,17,27,1.09,12,15,0,0,0,0.0,0.0,0.5,0.5,21.1,8.7,13.9,6.2,0.0,0.0
468,S. Ignashevich,43074,304749,17250.6,0,0,0,2,2,0,0,2,1,0,0,0,82,68,2.48,0,14,15,2.29,15,11,0,0,0,0.0,0.0,0.6,0.6,25.7,4.4,4.7,4.7,0.0,0.0
469,S. Ingason,15678,114694,7703.400000000001,0,0,0,3,1,0,0,3,3,0,0,0,40,34,1.73,0,12,14,0.93,5,6,0,0,0,0.0,0.0,2.1,0.7,28.0,8.4,9.8,3.5,0.0,0.0
470,S. Kagawa,25826,29632,8519.9,1,0,0,2,1,1,1,0,0,0,0,0,80,71,1.77,1,2,18,1.35,1,12,0,0,0,0.6,0.0,1.3,0.6,50.7,1.3,11.4,0.6,0.0,0.0
472,S. Khaoui,16276,275243,5766.0,0,0,0,1,0,0,1,0,2,0,0,0,34,30,0.88,2,2,13,0.69,0,9,0,0,0,0.0,0.0,0.9,0.0,31.8,1.9,12.2,0.0,0.0,0.0
473,S. Kjær,23136,61299,17268.300000000003,0,0,0,0,0,0,0,0,2,0,0,0,142,124,2.58,0,16,14,1.15,14,6,0,0,0,0.0,0.0,0.0,0.0,44.4,5.0,4.4,4.4,0.0,0.0
474,S. Larsson,21141,25587,14297.3,0,0,0,1,0,1,0,0,6,0,2,0,122,100,2.3200000000000003,0,12,25,0.75,6,8,0,0,0,0.0,0.0,0.4,0.0,46.1,4.5,9.4,2.3,0.0,0.0
475,S. Lichtsteiner,20091,61395,16944.2,0,0,0,2,0,1,1,0,2,0,2,0,118,89,2.24,1,17,45,1.7,1,27,0,0,0,0.0,0.0,0.6,0.0,37.6,5.4,14.3,0.3,0.0,0.0
476,S. Mandanda,4418,25552,5692.6,0,0,0,0,0,0,0,0,0,0,0,0,26,24,0.92,0,2,0,0.0,0,0,1,1,0,0.0,0.0,0.0,0.0,24.7,1.9,0.0,0.0,0.9,0.0
477,S. Mané,57942,77241,17284.2,1,0,0,3,1,2,1,0,7,4,0,0,93,73,2.33,5,13,47,1.9,0,30,0,0,0,0.3,0.0,0.9,0.3,29.1,4.1,14.7,0.0,0.0,0.0
478,S. Milinković-Savić,51966,797595,17540.5,0,0,0,5,0,4,0,1,9,2,1,0,109,86,2.35,3,12,57,1.63,3,32,0,0,0,0.0,0.0,1.5,0.0,33.6,3.7,17.5,0.9,0.0,0.0
480,S. N'Zonzi,4418,8200,5692.6,0,0,0,0,0,0,0,0,0,0,0,0,63,58,0.92,0,4,4,0.75,2,3,0,0,0,0.0,0.0,0.0,0.0,59.8,3.8,3.8,1.9,0.0,0.0
484,S. Sané,57942,78345,17284.2,0,0,0,3,0,2,0,1,1,0,1,0,116,101,2.62,1,19,16,2.51,11,13,0,0,0,0.0,0.0,0.9,0.0,36.2,5.9,5.0,3.4,0.0,0.0
485,S. Umtiti,8836,50794,11581.9,0,0,0,1,0,0,1,0,3,0,0,0,86,81,1.86,0,8,17,1.23,3,11,0,0,0,0.0,0.0,0.5,0.0,40.1,3.7,7.9,1.4,0.0,0.0
486,S. Zuber,13394,99994,11769.4,1,0,0,2,1,1,0,1,1,1,0,0,66,49,1.48,1,4,25,1.2999999999999998,2,16,0,0,0,0.5,0.0,0.9,0.5,30.3,1.8,11.5,0.9,0.0,0.0
487,S. 케디라,6296,6636,7204.2,0,0,0,3,1,2,0,1,2,0,0,0,100,85,1.7,0,6,20,1.38,1,14,0,0,0,0.0,0.0,2.2,0.7,75.0,4.5,15.0,0.7,0.0,0.0
488,Salem Al Dawsari,49563,368496,17636.1,1,0,0,7,2,7,0,0,4,1,0,0,174,153,2.64,0,8,70,2.27,0,53,0,0,0,0.3,0.0,2.1,0.6,53.3,2.4,21.4,0.0,0.0,0.0
489,Salman Al Faraj,49563,368541,17636.1,1,0,0,3,1,0,3,0,2,1,0,0,254,225,2.67,2,15,44,1.94,3,27,0,0,0,0.3,0.0,0.9,0.3,77.8,4.6,13.5,0.9,0.0,0.0
490,Sergio Busquets,4794,10038,17494.9,0,1,0,3,1,1,0,2,5,0,1,0,225,209,2.78,0,11,26,1.87,0,17,0,0,0,0.0,0.3,0.9,0.3,69.4,3.4,8.0,0.0,0.0,0.0
491,Sergio Ramos,4794,9918,17494.9,0,0,0,3,0,3,0,0,2,0,0,0,311,300,2.89,0,9,15,2.47,2,12,0,0,0,0.0,0.0,0.9,0.0,96.0,2.8,4.6,0.6,0.0,0.0
494,Sung-Yeung Ki,29710,123924,11585.4,0,0,0,3,2,2,0,1,5,0,0,0,79,71,1.7999999999999998,1,13,28,0.98,4,15,0,0,0,0.0,0.0,1.4,0.9,36.8,6.1,13.1,1.9,0.0,0.0
495,T. Alderweireld,11258,72,11535.4,0,1,0,2,0,2,0,0,0,0,0,0,161,145,1.79,1,5,8,1.25,3,5,0,0,0,0.0,0.5,0.9,0.0,75.4,2.3,3.7,1.4,0.0,0.0
498,T. Cionek,13869,99661,5758.2,0,0,1,0,0,0,0,0,1,0,0,0,71,67,0.94,0,3,5,0.6,3,3,0,0,0,0.0,0.0,0.0,0.0,66.6,2.8,4.7,2.8,0.0,0.0
499,T. Courtois,16887,10287,17128.5,0,0,0,0,0,0,0,0,0,0,0,0,82,72,2.64,0,9,0,0.0,1,0,9,7,0,0.0,0.0,0.0,0.0,25.9,2.8,0.0,0.3,2.8,0.0
500,T. Delaney,23136,167970,17268.300000000003,0,0,0,3,0,0,2,1,7,0,1,0,111,95,2.5700000000000003,0,12,32,1.57,3,16,0,0,0,0.0,0.0,0.9,0.0,34.7,3.8,10.0,0.9,0.0,0.0
502,T. Hazard,11258,51244,6318.900000000001,0,0,0,3,0,3,0,0,1,1,0,0,50,41,1.81,0,6,11,1.55,2,9,0,0,0,0.0,0.0,2.6,0.0,42.7,5.1,9.4,1.7,0.0,0.0
503,T. Inui,38739,44508,12720.8,1,1,0,5,2,5,0,0,2,1,1,0,89,78,2.64,0,7,41,1.82,0,24,0,0,0,0.4,0.4,2.1,0.8,37.8,3.0,17.4,0.0,0.0,0.0
504,T. Jedvaj,9598,212604,5774.1,0,0,0,0,0,0,0,0,1,0,1,0,36,30,0.83,0,1,7,0.29,1,2,0,0,0,0.0,0.0,0.0,0.0,33.7,0.9,6.5,0.9,0.0,0.0
505,T. Jurić,25479,209934,6276.200000000001,0,0,0,0,0,0,0,0,0,0,0,0,17,10,1.81,0,1,12,2.6,1,10,0,0,0,0.0,0.0,0.0,0.0,14.6,0.9,10.3,0.9,0.0,0.0
506,T. Lemar,4418,28922,5692.6,0,0,0,1,0,0,1,0,1,0,0,0,53,48,0.91,1,1,10,0.6,0,6,0,0,0,0.0,0.0,0.9,0.0,50.3,0.9,9.5,0.0,0.0,0.0
507,T. Makino,12913,94630,5645.1,0,0,0,1,0,1,0,0,1,0,1,0,81,78,0.96,0,5,5,0.8,5,4,0,0,0,0.0,0.0,1.0,0.0,77.5,4.8,4.8,4.8,0.0,0.0
508,T. Meunier,11258,75648,11535.4,0,1,0,2,1,1,1,0,6,0,1,0,88,70,1.59,2,8,18,1.02,0,9,0,0,0,0.0,0.5,0.9,0.5,41.2,3.7,8.4,0.0,0.0,0.0
509,T. Rogić,25479,184221,13628.7,0,0,0,5,2,0,5,0,3,0,1,0,57,51,2.75,2,4,51,2.13,0,37,0,0,0,0.0,0.0,2.0,0.8,22.6,1.6,20.2,0.0,0.0,0.0
510,T. Sainsbury,25479,184185,17195.5,0,0,0,2,0,0,0,2,2,0,0,0,191,174,2.72,0,20,25,1.52,5,14,0,0,0,0.0,0.0,0.6,0.0,60.0,6.3,7.9,1.6,0.0,0.0
513,T. 뮐러,9444,44196,13832.3,0,0,0,3,0,1,0,2,3,1,1,0,107,78,2.28,1,9,23,2.33,0,14,0,0,0,0.0,0.0,1.2,0.0,41.8,3.5,9.0,0.0,0.0,0.0
514,T. 베르너,9444,519642,17255.3,0,0,0,7,1,6,1,0,1,3,0,0,82,58,2.22,0,10,27,2.2,1,19,0,0,0,0.0,0.0,2.2,0.3,25.7,3.1,8.4,0.3,0.0,0.0
515,T. 크로스,9444,44169,17733.9,1,0,0,15,5,10,5,0,1,0,0,0,314,293,2.81,2,4,31,2.06,1,21,0,0,0,0.3,0.0,4.6,1.5,95.6,1.2,9.4,0.3,0.0,0.0
516,Taisir Al Jassim,33042,245154,8442.5,0,0,0,0,0,0,0,0,3,0,1,0,67,61,1.82,0,2,23,1.5,1,13,0,0,0,0.0,0.0,0.0,0.0,42.9,1.3,14.7,0.6,0.0,0.0
517,Tarek Hamed,48387,1312251,14730.4,0,0,0,1,0,1,0,0,7,0,0,0,138,116,2.53,1,14,35,1.82,3,22,0,0,0,0.0,0.0,0.4,0.0,50.6,5.1,12.8,1.1,0.0,0.0
518,Thiago Alcântara,3196,6690,6065.900000000001,0,0,0,2,0,1,1,0,1,0,0,0,113,109,1.88,0,0,15,1.67,0,11,0,0,0,0.0,0.0,1.8,0.0,100.6,0.0,13.4,0.0,0.0,0.0
519,Thiago Silva,19140,61182,17547.0,1,0,0,3,1,0,0,3,2,0,0,0,190,174,2.73,0,13,17,2.3,8,13,0,0,0,0.3,0.0,0.9,0.3,58.5,4.0,5.2,2.5,0.0,0.0
520,Trézéguet,48387,660336,14999.4,0,0,0,8,1,7,0,1,5,0,1,0,84,66,2.31,1,10,49,1.48,1,21,0,0,0,0.0,0.0,2.9,0.4,30.2,3.6,17.6,0.4,0.0,0.0
521,V. Amiri,32520,713508,17202.1,0,0,0,2,0,0,2,0,5,1,1,0,57,41,2.15,1,6,46,1.69,2,26,0,0,0,0.0,0.0,0.6,0.0,17.9,1.9,14.4,0.6,0.0,0.0
522,V. Behrami,20091,62814,13817.7,0,0,0,1,0,0,1,0,7,0,1,0,150,143,2.84,0,9,51,1.18,0,22,0,0,0,0.0,0.0,0.4,0.0,58.6,3.5,19.9,0.0,0.0,0.0
523,V. Claesson,21141,153432,16045.6,0,1,0,3,0,2,0,1,5,0,1,0,60,47,2.33,1,19,45,1.61,2,24,0,0,0,0.0,0.3,1.0,0.0,20.2,6.4,15.1,0.7,0.0,0.0
526,V. Lindelöf,14094,143406,11717.6,0,0,0,0,0,0,0,0,1,0,0,0,35,27,1.52,0,9,6,0.75,8,3,0,0,0,0.0,0.0,0.0,0.0,16.1,4.1,2.8,3.7,0.0,0.0
527,V. Moses,50469,25875,17442.3,1,1,0,7,1,5,2,0,4,0,0,0,93,70,2.23,0,19,52,2.19,7,37,0,0,0,0.3,0.3,2.2,0.3,28.8,5.9,16.1,2.2,0.0,0.0
528,V. Stojković,51966,383013,17540.5,0,0,0,0,0,0,0,0,0,0,0,0,55,49,2.65,0,1,2,0.5,0,1,14,10,0,0.0,0.0,0.0,0.0,16.9,0.3,0.6,0.0,4.3,0.0
529,V. Ćorluka,19196,29542,5959.400000000001,0,0,0,0,0,0,0,0,3,0,1,0,49,45,1.91,0,10,8,1.0,7,7,0,0,0,0.0,0.0,0.0,0.0,44.4,9.1,7.2,6.3,0.0,0.0
530,W. Barrios,24860,493856,9853.4,0,0,0,0,0,0,0,0,3,0,1,0,78,65,1.65,0,6,28,1.42,3,20,0,0,0,0.0,0.0,0.0,0.0,42.7,3.3,15.3,1.6,0.0,0.0
531,W. Caballero,24548,7102,11537.5,0,0,0,0,0,0,0,0,0,0,0,0,50,39,1.65,0,2,0,0.0,0,0,7,3,0,0.0,0.0,0.0,0.0,23.4,0.9,0.0,0.0,3.3,0.0
533,W. Khazri,48828,77328,16399.6,2,2,0,9,5,9,0,0,2,4,0,0,71,53,2.17,0,2,27,1.89,0,17,0,0,0,0.7,0.7,3.0,1.6,23.4,0.7,8.9,0.0,0.0,0.0
535,W. Ndidi,50469,796098,17442.3,0,0,0,3,1,3,0,0,4,0,0,0,142,126,2.69,2,27,43,1.95,4,28,0,0,0,0.0,0.0,0.9,0.3,44.0,8.4,13.3,1.2,0.0,0.0
536,W. Szczęsny,27738,15698,11708.4,0,0,0,0,0,0,0,0,0,0,0,0,38,33,1.74,0,4,1,0.0,0,0,7,2,0,0.0,0.0,0.0,0.0,17.5,1.8,0.5,0.0,3.2,0.0
537,W. Troost-Ekong,50469,33279,17442.3,0,0,0,2,0,0,1,1,2,0,1,0,105,93,2.65,0,13,17,1.49,11,9,0,0,0,0.0,0.0,0.6,0.0,32.5,4.0,5.3,3.4,0.0,0.0
538,William Carvalho,29715,113286,17672.4,0,0,0,0,0,0,0,0,4,0,0,0,186,167,2.69,0,6,32,1.83,2,19,0,0,0,0.0,0.0,0.0,0.0,56.8,1.8,9.8,0.6,0.0,0.0
539,Willian,19140,315999,14363.1,0,0,0,3,0,1,2,0,4,0,0,0,117,98,2.51,1,10,52,2.33,2,40,0,0,0,0.0,0.0,1.1,0.0,44.0,3.8,19.6,0.8,0.0,0.0
540,X. Shaqiri,20091,149616,16639.8,1,1,0,8,1,0,8,0,4,0,1,0,130,106,2.43,7,10,53,1.99,1,35,0,0,0,0.3,0.3,2.6,0.3,42.2,3.2,17.2,0.3,0.0,0.0
541,Y. Belhanda,48648,77994,14356.9,0,0,0,6,2,2,1,3,4,0,0,0,110,91,2.55,0,8,40,1.93,4,27,0,0,0,0.0,0.0,2.3,0.8,41.4,3.0,15.0,1.5,0.0,0.0
543,Y. Bárcenas,53787,723231,14081.1,0,0,0,5,2,4,1,0,4,1,1,0,66,53,2.39,1,3,32,2.22,0,22,0,0,0,0.0,0.0,1.9,0.8,25.3,1.2,12.3,0.0,0.0,0.0
544,Y. Carrasco,11258,269538,10269.6,0,0,0,5,4,5,0,0,3,0,0,0,46,36,1.56,0,9,28,1.58,1,23,0,0,0,0.0,0.0,2.6,2.1,24.2,4.7,14.7,0.5,0.0,0.0
546,Y. Gazinskiy,43074,306471,14279.1,1,0,0,2,1,1,0,1,3,0,1,0,102,86,2.53,0,13,17,1.35,3,8,0,0,0,0.4,0.0,0.8,0.4,38.6,4.9,6.4,1.1,0.0,0.0
547,Y. Meriah,48828,995289,17563.1,0,0,1,0,0,0,0,0,4,0,0,0,180,161,2.66,0,16,23,2.03,5,13,0,0,0,0.0,0.0,0.0,0.0,55.3,4.9,7.1,1.5,0.0,0.0
548,Y. Mina,24860,513268,11779.0,2,0,0,2,2,0,0,2,3,0,0,0,99,87,1.75,0,10,19,1.3,5,12,0,0,0,0.9,0.0,0.9,0.9,45.4,4.6,8.7,2.3,0.0,0.0
550,Y. Nagatomo,38739,61551,17105.5,0,1,0,0,0,0,0,0,1,0,0,0,111,96,2.59,0,10,26,1.73,10,15,0,0,0,0.0,0.3,0.0,0.0,35.0,3.2,8.2,3.2,0.0,0.0
551,Y. Poulsen,15424,112548,9468.3,1,0,0,2,1,0,1,1,6,1,2,0,37,30,1.63,1,6,37,1.35,0,23,0,0,0,0.6,0.0,1.1,0.6,21.1,3.4,21.1,0.0,0.0,0.0
552,Y. Sabaly,57942,85587,16017.5,0,0,0,2,1,2,0,0,7,1,1,0,92,71,2.19,1,9,36,1.79,4,21,0,0,0,0.0,0.0,0.7,0.3,31.0,3.0,12.1,1.3,0.0,0.0
553,Y. Sommer,20091,149565,17546.3,0,0,1,0,0,0,0,0,0,0,0,0,76,63,2.49,0,7,1,1.0,2,1,15,11,0,0.0,0.0,0.0,0.0,23.4,2.2,0.3,0.6,4.6,0.0
555,Y. Tielemans,11258,527604,6078.3,0,2,0,2,1,2,0,0,2,0,1,0,64,55,1.37,0,0,14,0.79,0,11,0,0,0,0.0,1.8,1.8,0.9,56.9,0.0,12.4,0.0,0.0,0.0
556,Y. Yotún,46782,344169,11448.1,0,0,0,3,1,0,3,0,5,0,1,0,141,121,2.57,0,7,27,1.74,0,16,0,0,0,0.0,0.0,1.4,0.5,66.5,3.3,12.7,0.0,0.0,0.0
557,Y. Zhirkov,28716,203714,10905.1,0,0,0,1,0,0,1,0,2,0,0,0,69,47,1.37,1,8,22,1.07,7,12,0,0,0,0.0,0.0,0.5,0.0,34.2,4.0,10.9,3.5,0.0,0.0
558,Y. Ōsako,38739,284493,13619.9,1,0,0,7,4,1,3,3,1,2,0,0,49,38,2.28,1,3,40,2.06,0,29,0,0,0,0.4,0.0,2.8,1.6,19.4,1.2,15.9,0.0,0.0,0.0
559,Yahya Al Shehri,33042,245776,5550.7,0,0,0,0,0,0,0,0,0,0,0,0,56,50,1.81,0,2,12,0.5,0,6,0,0,0,0.0,0.0,0.0,0.0,54.5,1.9,11.7,0.0,0.0,0.0
560,Yasir Al Shahrani,49563,368820,17636.1,0,0,0,5,1,4,0,1,4,0,0,0,177,150,2.55,0,13,33,2.16,9,25,0,0,0,0.0,0.0,1.5,0.3,54.2,4.0,10.1,2.8,0.0,0.0
561,Yasser Al Mosailem,16521,122562,6070.8,0,0,0,0,0,0,0,0,0,0,0,0,10,9,0.9,0,2,0,0.0,0,0,1,0,0,0.0,0.0,0.0,0.0,8.9,1.8,0.0,0.0,0.9,0.0
562,Á. di María,24548,6628,8894.3,0,0,0,1,0,0,1,0,0,2,0,0,55,44,1.54,1,2,25,1.58,0,19,0,0,0,0.0,0.0,0.6,0.0,33.4,1.2,15.2,0.0,0.0,0.0
563,É. Banega,24548,6560,8313.8,0,1,0,2,1,1,1,0,3,0,1,0,145,128,1.75,4,3,28,1.3199999999999998,1,18,0,0,0,0.0,0.6,1.3,0.6,94.2,1.9,18.2,0.6,0.0,0.0
564,É. Flores,46782,344286,15360.5,0,0,0,4,1,0,4,0,3,0,0,0,99,78,2.36,1,10,46,2.23,0,34,0,0,0,0.0,0.0,1.4,0.4,34.8,3.5,16.2,0.0,0.0,0.0
565,Ó. Duarte,33742,250500,11924.5,0,0,0,2,0,1,0,1,2,0,0,0,71,62,1.7000000000000002,0,8,16,1.15,9,9,0,0,0,0.0,0.0,0.9,0.0,32.2,3.6,7.2,4.1,0.0,0.0
567,Ł. Fabiański,13869,7847,5645.1,0,0,0,0,0,0,0,0,0,0,0,0,21,20,0.95,0,1,0,0.0,0,0,3,3,0,0.0,0.0,0.0,0.0,20.1,1.0,0.0,0.0,2.9,0.0
568,Ł. Piszczek,27738,29596,10987.6,0,0,0,1,0,1,0,0,0,0,0,0,93,70,1.49,0,11,22,1.15,7,13,0,0,0,0.0,0.0,0.5,0.0,45.7,5.4,10.8,3.4,0.0,0.0
570,Š. Vrsaljko,19196,138818,11529.7,0,0,0,1,0,1,0,0,3,0,1,0,67,54,1.61,0,13,23,1.05,3,13,0,0,0,0.0,0.0,0.5,0.0,31.4,6.1,10.8,1.4,0.0,0.0
571,고요한,14855,107623,6140.0,0,0,0,0,0,0,0,0,1,0,0,0,2,2,1.0,0,2,5,0.4,2,2,0,0,0,0.0,0.0,0.0,0.0,1.8,1.8,4.4,1.8,0.0,0.0
572,구자철,29710,31562,7927.799999999999,0,0,0,1,0,0,0,1,1,0,0,0,25,22,1.73,0,5,18,1.02,1,9,0,0,0,0.0,0.0,0.7,0.0,17.0,3.4,12.3,0.7,0.0,0.0
573,김영권,44565,285600,17725.4,1,0,0,1,1,0,1,0,4,0,1,0,90,76,2.51,0,16,14,2.5,8,9,0,0,0,0.3,0.0,0.3,0.3,27.4,4.9,4.3,2.4,0.0,0.0
574,문선민,29710,103250,8864.3,0,0,0,2,0,1,1,0,7,0,1,0,30,21,1.4500000000000002,0,4,32,1.14,0,18,0,0,0,0.0,0.0,1.2,0.0,18.3,2.4,19.5,0.0,0.0,0.0
575,손흥민,44565,44733,17725.4,2,0,0,13,3,8,5,0,3,0,1,0,69,62,2.72,2,10,56,2.24,3,42,0,0,0,0.6,0.0,4.0,0.9,21.0,3.0,17.1,0.9,0.0,0.0
576,윤영선,14855,107424,6140.0,0,0,0,0,0,0,0,0,1,0,0,0,12,11,0.92,0,10,5,0.4,5,2,0,0,0,0.0,0.0,0.0,0.0,10.6,8.8,4.4,4.4,0.0,0.0
577,이용,44565,322587,17725.4,0,0,0,1,0,1,0,0,5,0,1,0,102,74,2.17,1,21,34,1.87,7,20,0,0,0,0.0,0.0,0.3,0.0,31.1,6.4,10.4,2.1,0.0,0.0
578,이재성,44565,897363,17725.4,0,0,0,5,1,0,5,0,6,0,1,0,106,90,2.56,3,15,53,1.65,2,28,0,0,0,0.0,0.0,1.5,0.3,32.3,4.6,16.1,0.6,0.0,0.0
579,장현수,44565,415899,17725.4,0,0,0,0,0,0,0,0,6,0,0,0,97,85,2.62,0,14,23,1.21,6,8,0,0,0,0.0,0.0,0.0,0.0,29.6,4.3,7.0,1.8,0.0,0.0
580,정우영,44565,286470,9096.5,0,0,0,3,3,3,0,0,4,0,2,0,58,55,2.88,0,9,20,1.26,4,8,0,0,0,0.0,0.0,1.8,1.8,34.4,5.3,11.9,2.4,0.0,0.0
581,조현우,44565,768129,17725.4,0,0,0,0,0,0,0,0,0,0,0,0,51,41,2.42,0,3,0,0.0,3,0,14,11,0,0.0,0.0,0.0,0.0,15.5,0.9,0.0,0.9,4.3,0.0
582,주세종,29710,419134,5701.1,0,1,0,0,0,0,0,0,3,0,0,0,40,29,1.37,0,2,8,0.4,0,2,0,0,0,0.0,0.9,0.0,0.0,37.9,1.9,7.6,0.0,0.0,0.0
583,홍철,29710,214826,6927.5,0,0,0,0,0,0,0,0,2,0,0,0,29,18,1.4,1,7,16,0.8300000000000001,6,7,0,0,0,0.0,0.0,0.0,0.0,22.6,5.5,12.5,4.7,0.0,0.0
584,황희찬,44565,1049061,14243.8,0,0,0,2,1,0,1,1,5,0,1,0,35,23,2.22,1,9,42,2.17,2,30,0,0,0,0.0,0.0,0.8,0.4,13.3,3.4,15.9,0.8,0.0,0.0
